id,userId,title,completed
4,1,et porro tempora,True
8,1,quo adipisci enim quam ut ab,True
10,1,illo est ratione doloremque quia maiores aut,True
11,1,vero rerum temporibus dolor,True
12,1,ipsa repellendus fugit nisi,True
14,1,repellendus sunt dolores architecto voluptatum,True
15,1,ab voluptatum amet voluptas,True
16,1,accusamus eos facilis sint et aut voluptatem,True
17,1,quo laboriosam deleniti aut qui,True
19,1,molestiae ipsa aut voluptatibus pariatur dolor nihil,True
20,1,ullam nobis libero sapiente ad optio sint,True
22,2,distinctio vitae autem nihil ut molestias quo,True
25,2,voluptas quo tenetur perspiciatis explicabo natus,True
26,2,aliquam aut quasi,True
27,2,veritatis pariatur delectus,True
30,2,nemo perspiciatis repellat ut dolor libero commodi blanditiis omnis,True
35,2,repellendus veritatis molestias dicta incidunt,True
36,2,excepturi deleniti adipisci voluptatem et neque optio illum ad,True
40,2,totam atque quo nesciunt,True
43,3,tempore ut sint quis recusandae,True
44,3,cum debitis quis accusamus doloremque ipsa natus sapiente omnis,True
50,3,cupiditate necessitatibus ullam aut quis dolor voluptate,True
54,3,quis et est ut voluptate quam dolor,True
55,3,voluptatum omnis minima qui occaecati provident nulla voluptatem ratione,True
56,3,deleniti ea temporibus enim,True
60,3,et sequi qui architecto ut adipisci,True
61,4,odit optio omnis qui sunt,True
63,4,doloremque aut dolores quidem fuga qui nulla,True
73,4,sint amet quia totam corporis qui exercitationem commodi,True
76,4,sequi dolorem sed,True
79,4,eum ipsa maxime ut,True
80,4,tempore molestias dolores rerum sequi voluptates ipsum consequatur,True
81,5,suscipit qui totam,True
83,5,quidem at rerum quis ex aut sit quam,True
85,5,et quia ad iste a,True
86,5,incidunt ut saepe autem,True
87,5,laudantium quae eligendi consequatur quia et vero autem,True
89,5,sequi ut omnis et,True
90,5,molestiae nisi accusantium tenetur dolorem et,True
91,5,nulla quis consequatur saepe qui id expedita,True
92,5,in omnis laboriosam,True
93,5,odio iure consequatur molestiae quibusdam necessitatibus quia sint,True
95,5,vel nihil et molestiae iusto assumenda nemo quo ut,True
98,5,debitis accusantium ut quo facilis nihil quis sapiente necessitatibus,True
105,6,totam quia dolorem et illum repellat voluptas optio,True
106,6,ad illo quis voluptatem temporibus,True
108,6,a eos eaque nihil et exercitationem incidunt delectus,True
109,6,autem temporibus harum quisquam in culpa,True
110,6,aut aut ea corporis,True
116,6,ipsa dolores vel facilis ut,True
121,7,inventore aut nihil minima laudantium hic qui omnis,True
122,7,provident aut nobis culpa,True
126,7,ut asperiores perspiciatis veniam ipsum rerum saepe,True
127,7,voluptatem libero consectetur rerum ut,True
130,7,nulla aliquid eveniet harum laborum libero alias ut unde,True
132,7,qui molestiae voluptatibus velit iure harum quisquam,True
133,7,et labore eos enim rerum consequatur sunt,True
138,7,placeat minima consequatur rem qui ut,True
140,7,aut consectetur in blanditiis deserunt quia sed laboriosam,True
141,8,explicabo consectetur debitis voluptates quas quae culpa rerum non,True
142,8,maiores accusantium architecto necessitatibus reiciendis ea aut,True
146,8,molestiae suscipit ratione nihil odio libero impedit vero totam,True
147,8,eum itaque quod reprehenderit et facilis dolor autem ut,True
151,8,accusamus adipisci dicta qui quo ea explicabo sed vero,True
154,8,rerum non ex sapiente,True
155,8,voluptatem nobis consequatur et assumenda magnam,True
156,8,nam quia quia nulla repellat assumenda quibusdam sit nobis,True
157,8,dolorem veniam quisquam deserunt repellendus,True
158,8,debitis vitae delectus et harum accusamus aut deleniti a,True
159,8,debitis adipisci quibusdam aliquam sed dolore ea praesentium nobis,True
161,9,ex hic consequuntur earum omnis alias ut occaecati culpa,True
162,9,omnis laboriosam molestias animi sunt dolore,True
169,9,ea odio perferendis officiis,True
171,9,fugiat aut voluptatibus corrupti deleniti velit iste odio,True
175,9,laudantium eius officia perferendis provident perspiciatis asperiores,True
178,9,nesciunt itaque commodi tempore,True
179,9,omnis consequuntur cupiditate impedit itaque ipsam quo,True
180,9,debitis nisi et dolorem repellat et,True
182,10,inventore saepe cumque et aut illum enim,True
183,10,omnis nulla eum aliquam distinctio,True
188,10,vel non beatae est,True
189,10,culpa eius et voluptatem et,True
190,10,accusamus sint iusto et voluptatem exercitationem,True
191,10,temporibus atque distinctio omnis eius impedit tempore molestias pariatur,True
193,10,rerum debitis voluptatem qui eveniet tempora distinctio a,True
195,10,rerum ex veniam mollitia voluptatibus pariatur,True
196,10,consequuntur aut ut fugit similique,True
197,10,dignissimos quo nobis earum saepe,True
198,10,quis eius est sint explicabo,True
199,10,numquam repellendus a magnam,True
