id,first_name,last_name,email,city,salary
1,Bohdana,Sýkorová,jklima@example.net,Dolné Otrokovce,2200.0
2,Radomír,Uram,tarzicius00@example.net,Kysak,140000.0
3,Jakub,Harvánek,bohumilafasiangova@example.com,Hrubý Šúr,-2500.0
4,Izidor,Droppová,hankovapetronela@example.net,Duplín,2100.0
5,Oskár,Pavelko,talpasemil@example.org,Malá Ida,4000.0
6,Jarolím,Simonová,krupovaeleonora@example.org,Dúbrava,3900.0
7,Ľudomil,Šimonová,ludomillaco@example.net,Kolbovce,4100.0
8,Bohumila,Krajčír,xjakubcek@example.org,Varechovce,1300.0
9,Simona,Štefánek,kvajcik@example.com,Boťany,3500.0
10,Ľudovít,Michalková,kalinakovaadriana@example.org,Leváre,2300.0
11,Ľubomír,Hús,dhuso@example.net,Šiba,2000.0
12,Bernard,Borko,zvasko@example.com,Smolnícka Huta,3800.0
13,Ariel,Baláž,lrom@example.net,Trnávka,1100.0
14,Filip,Michalko,koubakliment@example.org,Uhorská Ves,3300.0
15,Teodor,Hrmová,levoslavfico@example.org,Drienovec,1800.0
16,Hedviga,Melichárová,hedvigakunkova@example.com,Kunerad,4100.0
17,Danica,Havranka,gavendovajaroslava@example.org,Pakostov,2600.0
18,Berta,Lacová,gertrudamoricova@example.net,Šútovo,3174.022066198596
19,Roland,Drotár,drahoslav59@example.com,Malacky,3174.022066198596
20,Vincent,Krásnohorský,hrdlickaadrian@example.net,Okružná,4500.0
21,Norbert,Roháček,kocurlevoslav@example.org,Hruboňovo,1500.0
22,Dáša,Králik,pbilek@example.org,Veľké Bierovce,4700.0
23,Prokop,Antal,ibernard@example.org,Jasenov,1700.0
24,Filip,Polláková,gaspar57@example.org,Ležiachov,2200.0
25,Filip,Rosová,zvicen@example.org,Stretavka,3600.0
26,Medard,Cibulová,bibianadurova@example.org,Vikartovce,3100.0
27,Božidara,Plavec,samelovaluboslava@example.net,Gemerský Sad,2200.0
28,Bianka,Holička,dvoncovamartina@example.com,Zeleneč,2500.0
29,Benedikt,Šimík,slivkavaler@example.net,Vyšný Komárnik,2700.0
30,Margaréta,Palka,timotejhanak@example.net,Podhradie,4700.0
31,Malvína,Jakubek,bpalka@example.com,Mičakovce,2000.0
32,Demeter,Marťan,esmrek@example.org,Nacina Ves,4800.0
33,Jolana,Bilko,jakubsamel@example.com,Tvrdošovce,3700.0
34,Bohumil,Makovická,qbaska@example.net,Sokolce,2600.0
35,Libuša,Ďurkovská,drahomirondrejkovic@example.net,Nižný Žipov,3700.0
36,Tibor,Pavlo,dominikgalik@example.org,Sokolovce,1300.0
37,Miloš,Kyseľ,makovickaingrida@example.com,Priekopa,1800.0
38,Rudolf,Michalko,rebekamiklikova@example.com,Prenčov,4300.0
39,Nadežda,Mydlo,vrabecvitazoslav@example.net,Rajecké Teplice,1500.0
40,Angelika,Dusková,wachbergerova@example.net,Ilija,2900.0
41,Jaromír,Čapla,gertruda37@example.net,Čierna,3800.0
42,Anabela,Ondrašíková,slovinecovazdenka@example.net,Pravotice,4900.0
43,Bohdana,Bošňáková,niznanskabozidara@example.com,Pečenice,1900.0
44,Klára,Droppová,rozaliavajdova@example.net,Dlhé Pole,1000.0
45,Oskár,Hruška,paluchovastefania@example.com,Beniakovce,1300.0
46,Roland,Kovaľ,vmarcin@example.org,Lužany,4400.0
47,Miroslav,Zacharová,dholickova@example.net,Súlovce,4200.0
48,Estera,Ondrúšek,pavkovaxenia@example.org,Mokrý Háj,4500.0
49,Miroslava,Šima,dvorskaeulalia@example.net,Zemianske Kostoľany,4700.0
50,Florián,Kráľová,paulicekovamilota@example.org,Revúca,1200.0
51,Pankrác,Janoško,zachariasovaslavka@example.net,Bardejov,3400.0
52,Slávka,Klokočová,vmadara@example.com,Podzámčok,3600.0
53,Alena,Šimka,kopovaperla@example.com,Kmeťovo,2000.0
54,Libor,Straková,gkorcakova@example.com,Zboj,1500.0
55,Stanislav,Paľka,amaliabanasova@example.net,Šípkov,2600.0
56,Arpád,Drobná,olympiamihalikova@example.net,Osuské,1800.0
57,Lýdia,Bahna,danicadusekova@example.net,Vranov nad Topľou,2400.0
58,Liliana,Mrázik,luboslavatomanekova@example.org,Borša,3000.0
59,Jakub,Kočiš,wmelichercik@example.org,Potvorice,1400.0
60,Rozália,Kríž,moriccapla@example.org,Hodruša - Hámre,4400.0
61,Bystrík,Paulíček,kyselvojtech@example.org,Dulovce,3900.0
62,Karol,Holičeková,vkusova@example.org,Hrčeľ,4200.0
63,Vasil,Móricová,ferdinand73@example.com,Zlaté,1000.0
64,Simona,Jendeková,ymadaricova@example.net,Hôrky,1100.0
65,Valentín,Ďurčová,kubickadrahoslav@example.net,Margecany,4100.0
66,Slavomíra,Kús,pdvorska@example.com,Osuské,3100.0
67,Edita,Dej,machacekbohumir@example.net,Jankovce,1600.0
68,Adrián,Bernardová,kocisovalenka@example.net,Neverice,3600.0
69,Miloslav,Andrášová,huskovaetela@example.net,Hôrky,3700.0
70,Vratislav,Lajčiak,koloman20@example.org,Žiar,2300.0
71,Kornel,Bobulová,ktrlik@example.net,Gruzovce,1100.0
72,Slavomír,Skutecký,msklenkova@example.com,Dúbrava,1800.0
73,Tobiáš,Fedor,richard34@example.com,Stará Kremnička,2700.0
74,Ľubica,Masár,gmlynarikova@example.com,Horovce,3800.0
75,Milota,Janošová,eftacnikova@example.org,Dlhé nad Cirochou,3200.0
76,Laura,Masný,skuska@example.org,Borský Mikuláš,5000.0
77,Arpád,Cesnaková,kozacekovastefania@example.org,Žikava,4700.0
78,Gertrúda,Laco,wvaskova@example.org,Veterná Poruba,4100.0
79,Žofia,Kolesárová,zoran48@example.org,Hliník nad Hronom,1000.0
80,Perla,Michalicová,klaravavrinecova@example.org,Veľké Chlievany,4200.0
81,Ján,Bartoš,lindamakova@example.org,Kynceľová,3600.0
82,Alfréd,Lubina,ivonakobielska@example.net,Rosina,3600.0
83,Bianka,Tomašek,denismarcinek@example.com,Žihárec,2100.0
84,Hugo,Vojtková,gondruskova@example.org,Váhovce,1100.0
85,Zlatko,Klepáč,hondrusova@example.net,Vtáčkovce,2200.0
86,René,Havranka,jakubekovadrahoslava@example.org,Rudina,3700.0
87,Valéria,Tomečeková,iloja@example.com,Kysucké Nové Mesto,1500.0
88,Malvína,Tomášeková,dusekovaanezka@example.org,Gerlachov,5000.0
89,Bianka,Solej,ppalo@example.com,Čierne Pole,1800.0
90,Martin,Timka,xplavec@example.net,Nová Ľubovňa,3400.0
91,Ctibor,Štefanovič,bbrezinova@example.org,Dekýš,4000.0
92,Zlatica,Hanzel,glipko@example.com,Hronská Breznica,3400.0
93,Tibor,Čekovská,alexejmartinak@example.net,Oravská Lesná,3000.0
94,Žofia,Šimončičová,qkus@example.org,Sľažany,3900.0
95,Alžbeta,Palúchová,capkovicovaeugenia@example.com,Kečkovce,2000.0
96,Zita,Martová,wkubova@example.org,Nižná Jablonka,2600.0
97,Hedviga,Klimo,ngalik@example.com,Reca,1900.0
98,Bohdan,Valíček,pniznanska@example.net,Višňové,2700.0
99,Andrea,Zubko,ysokolova@example.org,Zvolen,1600.0
100,Ľuboslava,Zubek,imelicharek@example.com,Hubovo,2600.0
101,Irena,Hanaková,borisalbin@example.com,Boheľov,1500.0
102,Zoran,Pauková,fondrasek@example.net,Oravská Jasenica,1500.0
103,Žaneta,Kubíček,blazena98@example.net,Sklabiňa,2200.0
104,Viliam,Šmajda,mnavara@example.com,Nitrianske Rudno,1800.0
105,Renáta,Bednáriková,jpaulicek@example.net,Klátova Nová Ves,3700.0
106,Tadeáš,Galiková,holubkovajana@example.com,Hronské Kľačany,2800.0
107,Sára,Martová,borikradovan@example.net,Siladice,1300.0
108,Karla,Obšut,ivan28@example.org,Prietrž,4800.0
109,Hubert,Šoltés,kocislubomir@example.org,Drážovce,3300.0
110,Dávid,Slobodová,vilma66@example.com,Pečenice,4000.0
111,Nadežda,Nemcová,lukas17@example.net,Komárov,4200.0
112,Hermína,Havran,jzimkova@example.com,Jarabina,2000.0
113,Berta,Bartošíková,janeckademeter@example.net,Čakajovce,1800.0
114,Roland,Hablák,lubica29@example.net,Suchá Hora,1500.0
115,Svetlana,Cigániková,editalajcakova@example.com,Dolné Srnie,2900.0
116,Sofia,Klimková,kusnirovaregina@example.com,Liptovské Sliače,4700.0
117,Eleonóra,Pauková,natasajurcinova@example.org,Merník,2800.0
118,Emília,Palla,martinecovasarlota@example.net,Oľšinkov,4500.0
119,Eunika,Janečková,vojtekovavieroslava@example.com,Dlhé Pole,4400.0
120,Fedor,Škultéty,zhabsuda@example.com,Ludanice,4100.0
121,Bohdana,Mikúš,zojapikova@example.net,Jovice,2800.0
122,Margita,Mácka,zdenkodusko@example.net,Zvončín,1000.0
123,Ludolf,Kus,kuskadrahomir@example.com,Michal na Ostrove,4600.0
124,Alex,Melichar,kaliskyondrej@example.net,Leštiny,2000.0
125,Malvína,Paľovčík,dudkamarcel@example.net,Čičmany,1700.0
126,Gejza,Ondrášová,kubekernest@example.net,Šelpice,3100.0
127,Levoslav,Straka,krizanbohuslav@example.com,Bodzianske Lúky,4800.0
128,Boleslav,Peška,holubeccyprian@example.org,Slavkovce,2300.0
129,Lesia,Ryš,ludomil72@example.com,Pohronský Ruskov,1700.0
130,Mojmír,Roháčik,blazena72@example.net,Macov,4300.0
131,Eva,Hlaváčová,dominiksalaj@example.org,Melek,4700.0
132,Roman,Lajčáková,jholicek@example.net,Hostie,2700.0
133,Lucia,Franek,irenakockova@example.net,Komjatice,2900.0
134,Františka,Tomášková,mtomanova@example.net,Horné Zelenice,4200.0
135,Víťazoslav,Simon,dsulcova@example.org,Žabokreky nad Nitrou,2900.0
136,Radúz,Paveleková,lubomirfasiang@example.net,Beloveža,5000.0
137,Imrich,Daňková,jbenusova@example.org,Beniakovce,1800.0
138,Benjamín,Zajac,ckrizan@example.org,Trebichava,3800.0
139,Henrieta,Pauliček,otcenasovamiriama@example.net,Vojany,4800.0
140,Ludolf,Makovecová,leopolda20@example.net,Bánov,3600.0
141,Eva,Lacko,kuskaalan@example.net,Vysočany,4400.0
142,Ľubica,Rusnak,simonkornel@example.org,Ňagov,4800.0
143,Monika,Marečeková,phlavacova@example.com,Dobrá Niva,4500.0
144,Marcel,Plavuchová,gertrudabanasova@example.org,Hosťová,4000.0
145,Radovana,Mlynárová,borovskyvendelin@example.net,Veľké Kapušany,4600.0
146,Kvetoslava,Palla,mojzisviktor@example.com,Kuzmice,3200.0
147,Henrieta,Cigáňová,saskia22@example.net,Bešeňov,3200.0
148,Ondrej,Bašková,macekemanuel@example.org,Nižné Repaše,4500.0
149,Marcel,Král,cbondra@example.net,Ožďany,3300.0
150,Eleonóra,Seč,polakovanina@example.com,Rajec,1300.0
151,Norbert,Dullová,iachbergerova@example.com,Jastrabá,2500.0
152,Kvetoslav,Polláková,alexpavlicek@example.org,Malatíny,3500.0
153,Darina,Kolnik,lmajesky@example.org,Dedinky,3400.0
154,Mojmír,Rys,poliakovamilada@example.net,Modra,3200.0
155,Izabela,Bobuľová,durisdominik@example.net,Zlatno,2000.0
156,Simona,Melicherčík,slacko@example.org,Dolná Súča,1400.0
157,Blažena,Dančák,tfabian@example.com,Vydrník,1300.0
158,Terézia,Husová,kyselabartolomej@example.com,Kynceľová,5000.0
159,Roland,Pavolová,ovanekova@example.org,Úľany nad Žitavou,1100.0
160,Terézia,Podkonický,slavomirasklarova@example.org,Švábovce,4900.0
161,Petra,Jonata,hablakovabianka@example.net,Predmier,3800.0
162,Zuzana,Ján,romancikbenedikt@example.net,Veľké Kostoľany,1500.0
163,Božidara,Michálek,plesivcovapatricia@example.org,Zeleneč,2000.0
164,Jana,Hanek,zubrikadam@example.net,Brieštie,1800.0
165,Severín,Michalica,vanesa73@example.net,Uhrovské Podhradie,2800.0
166,Benjamín,Holubec,ohanakova@example.net,Oravská Poruba,2000.0
167,Gašpar,Palov,ukavaschova@example.com,Vlkovce,2000.0
168,Ľudomila,Baláž,hozatobias@example.net,Smižany,2800.0
169,Vratko,Kocová,emotykova@example.com,Horná Ždaňa,4000.0
170,Radúz,Andrášová,balazatila@example.com,Kútniky,2700.0
171,Viktor,Mrazová,jakubjarolim@example.com,Pažiť,1100.0
172,Svätopluk,Ďaďo,zpauk@example.com,Fijaš,3400.0
173,Libuša,Dudo,aduro@example.net,Reľov,3600.0
174,Ema,Čekovská,alexvicena@example.org,Hodkovce,2100.0
175,Karolína,Hušták,hanakfridrich@example.org,Belina,4900.0
176,Krištof,Havranková,jmotykova@example.net,Stráňavy,3200.0
177,Diana,Pauko,ssamelova@example.org,Rovné,2000.0
178,Kazimír,Masarík,blahoerik@example.org,Nové Mesto nad Váhom,1400.0
179,Alfréd,Holubko,morovakornelia@example.net,Benice,3600.0
180,Estera,Mišíková,sklenarikovaelena@example.net,Karná,3500.0
181,Bohumila,Šťastný,eleonoraurblikova@example.com,Považany,2400.0
182,Jolana,Višňovská,chuska@example.org,Krivé,3100.0
183,Zoran,Seč,ghanzel@example.net,Rozhanovce,4500.0
184,Nathan,Macho,marecekeduard@example.net,Dolný Vadičov,1400.0
185,Alexej,Kendra,kralbenjamin@example.org,Senica,1000.0
186,Karolína,Gavorník,doraflorian@example.com,Kálnica,3500.0
187,Dominika,Capek,enna32@example.com,Jestice,5000.0
188,Enna,Janečková,lesana65@example.net,Stropkov,5000.0
189,Juliana,Kollár,vitondruska@example.net,Hviezdoslavov,3000.0
190,Irena,Sidorová,dzurjaninovafrantiska@example.net,Vrútky,3800.0
191,Cecília,Tomáška,jhlavac@example.net,Slatinka nad Bebravou,4200.0
192,Ružena,Bartošíková,masnavlasta@example.net,Radatice,2000.0
193,Boleslav,Rojko,augustin67@example.com,Poloma,4600.0
194,Dobromila,Senková,karlaruskova@example.com,Malé Leváre,2600.0
195,Liana,Makovec,pmackovic@example.com,Bočiar,3900.0
196,Vasil,Boríková,kristian74@example.com,Uličské Krivé,4500.0
197,Miloslava,Kavasch,ominacova@example.com,Šarišské Bohdanovce,3000.0
198,Nora,Maková,emlynar@example.com,Slovenské Nové Mesto,4400.0
199,Hortenzia,Vaška,olympia45@example.net,Považany,3400.0
200,Monika,Mlynárik,tbartosikova@example.com,Kračúnovce,1000.0
201,Daniel,Opluštilová,richard86@example.com,Čabiny,4600.0
202,Agnesa,Danek,vcierny@example.com,Hincovce,1900.0
203,Koloman,Kubičko,zuzanamikulakova@example.org,Šurianky,3600.0
204,Florián,Hric,antalovadorota@example.net,Budiná,3600.0
205,Patrik,Jakúbeková,olympiapelikanova@example.org,Revúca,1700.0
206,Gizela,Baláž,kvalicek@example.com,Kráľova Lehota,4400.0
207,Benjamín,Filcová,ymichalek@example.net,Michalovce,4300.0
208,Ľudomil,Rysová,koppaviktor@example.com,Tarnov,1200.0
209,Jaroslav,Martináková,robertmelichar@example.org,Martin nad Žitavou,4300.0
210,Alana,Mrazko,janovahilda@example.org,Tatranská Javorina,2000.0
211,Tatiana,Rybníček,ebarok@example.com,Nitrica,4800.0
212,Oxana,Janečková,sabinaborikova@example.com,Príkra,4400.0
213,Dorota,Pika,tkusa@example.net,Hrubá Borša,3300.0
214,Júlia,Chudík,jholubec@example.com,Červený Hrádok,1600.0
215,Frederik,Liptáková,hholubek@example.net,Petrova Lehota,1300.0
216,Sára,Kazík,tatarovamalvina@example.org,Ruskovce,4800.0
217,Sebastián,Mináč,nemcovazita@example.org,Bijacovce,1000.0
218,Oskár,Plch,sklenarovazoja@example.com,Torysky,2000.0
219,Vlastimil,Borek,jancekdenis@example.net,Nevoľné,3500.0
220,Júlia,Sklenička,krajcirovavalentina@example.net,Nižná Rybnica,3400.0
221,Ambróz,Dušek,krajicekeduard@example.net,Dúbravy,3100.0
222,Tarzícius,Blaha,qmakovicka@example.com,Ostrý Grúň,4000.0
223,Olympia,Antal,milos30@example.net,Veľký Cetín,3700.0
224,Eulália,Blažej,albinjanosko@example.org,Dojč,2600.0
225,Ľuboš,Dusíková,vmartanova@example.net,Kochanovce,4100.0
226,Darina,Hrušovská,lesia20@example.com,Plavecké Podhradie,2800.0
227,Žigmund,Kozmon,rakovaluna@example.org,Tepličky,3600.0
228,Pankrác,Kozák,stefanekovaamalia@example.net,Neporadza,2400.0
229,Klement,Micháliková,oliverdavid@example.com,Breznička,2100.0
230,Libor,Hušek,gasparovadrahomira@example.net,Tomášov,3600.0
231,Imrich,Maca,borikalbin@example.org,Ruská Kajňa,1700.0
232,René,Bezáková,utomaska@example.org,Vítkovce,4300.0
233,Edita,Gažová,ehlinikova@example.com,Považany,1800.0
234,Arnold,Matiaško,slava87@example.com,Radošovce,3100.0
235,Xénia,Pavelek,gjurcina@example.org,Levkuška,1500.0
236,Konštantín,Sklenárová,ceciliapaukova@example.org,Ondrašovce,3100.0
237,Vanesa,Salaj,katarina56@example.com,Čierna nad Tisou,2300.0
238,Beáta,Greguš,jantosovicovastela@example.org,Veľký Cetín,1300.0
239,Vavrinec,Nitra,rebeka51@example.org,Pôtor,3600.0
240,Dominik,Sklenica,bosakstefan@example.com,Čertižné,3200.0
241,Ľuboš,Krížiková,ekaniak@example.org,Hradisko,1800.0
242,Iris,Rihová,dudiksergej@example.com,Veľká Čausa,1700.0
243,Dobromila,Kubko,plchovasara@example.com,Šmigovec,4200.0
244,Drahomíra,Hušťák,borisrobert@example.com,Bzenov,4500.0
245,Miroslav,Brezinová,gocnikovalaura@example.net,Trnava pri Laborci,3100.0
246,Lesana,Svrbík,okozmon@example.net,Kameňany,2700.0
247,Zita,Macová,lpavuk@example.com,Tepličky,1000.0
248,Boleslav,Holička,vieroslava18@example.org,Geraltov,1800.0
249,Emil,Jalovec,paulicekmilos@example.com,Veľké Revištia,2000.0
250,Dana,Finka,etelatomasekova@example.org,Most pri Bratislave,2900.0
251,Melichar,Martinkovič,chovanecovamaria@example.net,Liptovská Osada,5000.0
252,Aiko,Rybárik,starostovaslava@example.net,Pažiť,4200.0
253,Iris,Mikulík,ykostrec@example.net,Dubová,4600.0
254,Zina,Podhradský,ociger@example.org,Lipovník,3100.0
255,Berta,Kôstková,mvozar@example.org,Rakovo,2500.0
256,Bartolomej,Nôta,janosekovamichaela@example.org,Bojnice,1100.0
257,Monika,Koppa,mlesny@example.com,Bukovec,2800.0
258,Eulália,Štefanko,tandras@example.com,Bošany,3000.0
259,Miloslava,Klepáčová,plesivecmelichar@example.com,Kozelník,3500.0
260,Zara,Bilka,miklikoliver@example.net,Omastiná,2100.0
261,Denisa,Čapľa,dionyzheretik@example.net,Horná Streda,4100.0
262,Margaréta,Galik,ptimek@example.org,Bžany,2900.0
263,Eunika,Debnárová,gasparviktor@example.org,Pstriná,2200.0
264,Eliáš,Kočka,ludovit65@example.org,Zubrohlava,4600.0
265,Irena,Gavendová,tichomir94@example.net,Belá,2100.0
266,Jozef,Svrbíková,gsunavec@example.net,Rudník,4100.0
267,Dezider,Ivaška,gustavklokoc@example.com,Valaská Dubová,2300.0
268,Gejza,Lipová,fridrich62@example.org,Nižné Ladičkovce,4600.0
269,Jaroslav,Borík,valachovicovavladimira@example.com,Vrchteplá,1900.0
270,Ľubomír,Maslová,aotcenasova@example.org,Daletice,2500.0
271,Bibiána,Samelová,antalovakarla@example.com,Hrnčiarske Zalužany,2300.0
272,Ladislava,Droppa,severinbrusko@example.org,Bánovce nad Bebravou,2300.0
273,Drahoslava,Krajíčeková,emilfinka@example.com,Zubné,4500.0
274,Vít,Štefanko,radoslavalajciakova@example.net,Breznica,2600.0
275,Demeter,Záborský,bartovicbenedikt@example.org,Holiare,4100.0
276,Jaromír,Krasnohorský,bahnomojmir@example.com,Modrová,4100.0
277,Iris,Švehlová,briha@example.com,Trstené,4300.0
278,Bohuslav,Mác,hklimkovicova@example.com,Hniezdne,2000.0
279,Lukáš,Hošťáková,hubovaagnesa@example.com,Demänovská Dolina,1400.0
280,Július,Pavka,tomaskamil@example.org,Tuhrina,1100.0
281,Valér,Riška,cbenuska@example.org,Šarišský Štiavnik,4000.0
282,Milan,Majdanová,pankrachustak@example.com,Blatné Remety,2700.0
283,Kornel,Ryšová,kocovaterezia@example.net,Konská,5000.0
284,Vavrinec,Kelová,knihakristian@example.com,Banské,3700.0
285,Jarolím,Nôta,kocurleonard@example.org,Vyšná Voľa,4500.0
286,Zlatica,Plchová,palovsilvester@example.net,Osádka,4400.0
287,Bruno,Mečiarová,zachartimotej@example.com,Kozelník,4300.0
288,Lesia,Krasnohorská,agregus@example.org,Nový Tekov,1700.0
289,Oľga,Hudec,dsklarova@example.org,Ladomirov,1500.0
290,Silvester,Frano,sofia26@example.org,Leopoldov,4700.0
291,Hugo,Rusko,bkral@example.org,Hrašné,2100.0
292,Miloš,Andrašíková,yandras@example.org,Malé Ripňany,4900.0
293,Branislava,Andrášiková,jsebo@example.net,Poniky,2900.0
294,Ľuboslav,Samelová,alexiacyprichova@example.com,Divinka,3400.0
295,Matúš,Hlinková,abukovsky@example.net,Šoporňa,2900.0
296,Júlia,Motyka,jpupak@example.net,Kalná Roztoka,1800.0
297,Rudolf,Kobielský,edita05@example.com,Olšovany,2100.0
298,Konštantín,Topoľský,bilkafedor@example.net,Ivanka pri Dunaji,1500.0
299,Judita,Vrablecová,sidoniatomanova@example.net,Vyšná Rybnica,2700.0
300,Bartolomej,Krajčovičová,ubabjakova@example.net,Neverice,2900.0
301,Jozefína,Jakubčík,mkorcakova@example.com,Mikušovce,2100.0
302,Oľga,Záborská,capkovajaroslava@example.org,Okres Košice III,4900.0
303,Vendelín,Sokol,bmensik@example.com,Nováky,3600.0
304,Vladimír,Adamová,npoliakova@example.net,Bogliarka,2900.0
305,Drahoslav,Michalík,valachovamartina@example.net,Nová Dedinka,3200.0
306,Dorota,Kaliňáková,valuskovanatasa@example.com,Hostie,4700.0
307,Félix,Jano,pnavarova@example.com,Bartošovce,4700.0
308,Ľudomila,Jakubčík,pavlikovaoxana@example.net,Gabčíkovo,3500.0
309,Kamila,Jakubčová,ftalpasova@example.org,Hronovce,3700.0
310,Blažena,Klimkovičová,hugokubik@example.net,Huty,2000.0
311,Boris,Vašek,gregusjonas@example.com,Povoda,1800.0
312,Emil,Martin,nalepkaeduard@example.net,Krížovany,2300.0
313,Jaroslav,Gavalierová,anabela48@example.org,Farná,2800.0
314,Ingrida,Bilka,rolandhoza@example.com,Krajné Čierno,4100.0
315,Malvína,Krištof,vratkofranek@example.net,Beharovce,2500.0
316,Ambróz,Pavlikovský,wzigova@example.com,Kamenný Most,4600.0
317,Dobromila,Melicharová,klimkovicbenjamin@example.org,Tušice,4900.0
318,Drahoslav,Mikloško,liskovaleopolda@example.com,Spišské Podhradie,2200.0
319,Kvetoslava,Franeková,konopkovasara@example.org,Hažín nad Cirochou,1900.0
320,Jonáš,Bednárik,gsamuelova@example.com,Ivanovce,4500.0
321,Stanislav,Duša,bohdana70@example.net,Východná,1800.0
322,Alena,Krištof,iljajakubko@example.com,Medzibrodie nad Oravou,1800.0
323,Nina,Heretik,brigitabukovska@example.net,Vernár,1600.0
324,Valéria,Mihalíková,kvetoslavasvabova@example.com,Porúbka,3600.0
325,Bohdana,Kyseľová,kopovaludmila@example.com,Janice,4100.0
326,Ivona,Daňko,eliskaborkova@example.net,Rožňavské Bystré,3300.0
327,Drahoslav,Michalka,klapacovadarina@example.org,Stožok,3200.0
328,Marián,Krásnohorská,janosovaolivia@example.net,Moravany nad Váhom,3000.0
329,Alžbeta,Bruška,jakubekovasarlota@example.org,Tesárske Mlyňany,2900.0
330,Jaromír,Pálka,uruzickova@example.net,Zemianske Sady,1500.0
331,Anežka,Seč,litvovaromana@example.net,Koceľovce,1900.0
332,Karla,Hanúska,marosludomil@example.net,Levice,2900.0
333,Víťazoslav,Hanúska,romluboslav@example.com,Veľkrop,3500.0
334,Antónia,Križan,melaniakrasnohorska@example.net,Košické Oľšany,2800.0
335,Melichar,Janíková,tondrasova@example.com,Hronsek,4600.0
336,Ladislava,Janák,aobsut@example.com,Radošovce,1200.0
337,Servác,Skokan,janecekariel@example.com,Polina,1400.0
338,Levoslav,Lesná,hagarovajaromira@example.net,Veľké Ripňany,3000.0
339,Albína,Kundová,richardluboslav@example.com,Kamenná Poruba,2900.0
340,Koloman,Pašeková,jfrimer@example.org,Dlhé Stráže,4100.0
341,Enna,Tatar,kornelskantar@example.org,Veľký Klíž,3800.0
342,Barbara,Chalupka,brunoduro@example.com,Turčianky,2900.0
343,Rebeka,Bezáková,raduzihnacak@example.com,Dobrá,4300.0
344,Miloslav,Kúšová,fvlachovic@example.org,Parihuzovce,3900.0
345,Hortenzia,Menšík,zlaticamichalikova@example.net,Nižná Olšava,4700.0
346,Július,Boška,bohumirnavara@example.com,Petrovice,2800.0
347,Dionýz,Mihaliková,kozacikalexander@example.net,Baloň,1400.0
348,Valér,Máčik,luptakovavlasta@example.net,Banka,4600.0
349,Oxana,Rojek,viliammacek@example.org,Rimavská Baňa,1300.0
350,Timea,Labudová,veternikovapatricia@example.net,Ábelová,1200.0
351,Júlia,Franová,stefunkovahortenzia@example.com,Vavrišovo,4700.0
352,Alana,Petruška,bohdan92@example.com,Boliarov,3500.0
353,Olympia,Hilmer,rolandvasko@example.net,Egreš,4100.0
354,Jarolím,Raková,kellovazina@example.com,Nová Bašta,3600.0
355,Kristína,Čapka,samsonovadiana@example.org,Slatvina,2400.0
356,Vladislav,Trlíková,kmokrosova@example.com,Janovík,2900.0
357,Maroš,Plešivec,radovanrys@example.org,Bodzianske Lúky,1200.0
358,Izabela,Jakubík,michalikovamarika@example.com,Studienka,2400.0
359,Stanislava,Ďurkovský,pavelekovaslavomira@example.com,Komoča,1100.0
360,Šimon,Kazík,mackovaivana@example.net,Vysoká pri Morave,4200.0
361,Móric,Husová,debnarovaingrida@example.org,Zemianske Kostoľany,4400.0
362,Vladimír,Drobná,boleslavkus@example.org,Barca,4800.0
363,Florián,Nemec,cmoravcik@example.org,Zamarovce,3300.0
364,Nina,Hanka,plavucharadovan@example.com,Šarbov,3700.0
365,Sandra,Polláková,emackovicova@example.net,Hubina,2800.0
366,Lukáš,Zúbek,duricovakornelia@example.org,Bystrá,5000.0
367,Benjamín,Mrázka,petrovickabohumila@example.org,Kotmanová,3600.0
368,Božidara,Jedľovský,nlesna@example.net,Lazisko,4600.0
369,Nataša,Sedliaková,hotcenas@example.net,Osádka,2900.0
370,Kliment,Starosta,ykocurikova@example.org,Pečeňany,4600.0
371,Vincent,Havranová,bertamakova@example.com,Tovarnianska Polianka,3200.0
372,Valéria,Milota,rusnakovaeunika@example.org,Blažovce,3500.0
373,Stanislava,Vaneková,arojkova@example.net,Mládzovo,4900.0
374,Brigita,Kučerová,simondavid@example.com,Brezov,3000.0
375,Cecília,Raková,lydiamlynarova@example.net,Dlhá,4800.0
376,Agnesa,Mydlo,pavukboleslav@example.net,Klokočov,2200.0
377,Albína,Morová,mikulakovaanezka@example.net,Dolné Mladonice,2100.0
378,Roman,Sekera,kazikovatheodora@example.org,Hucín,1800.0
379,Ľuboslav,Kušnír,hhruska@example.org,Veľký Folkmar,3100.0
380,Rebeka,Paľúch,omargitova@example.net,Kotmanová,1100.0
381,Drahomíra,Plekanec,kelloboris@example.net,Hrabičov,4500.0
382,Zdenko,Valachovičová,paulina34@example.org,Tvarožná,4300.0
383,Júlia,Novota,rihamilan@example.net,Batizovce,3800.0
384,Diana,Dán,stanislavajanekova@example.org,Pochabany,3300.0
385,Nora,Kubíková,danovazuzana@example.net,Kuzmice,1900.0
386,Fedor,Macháčeková,wciger@example.com,Hrhov,2500.0
387,Lolita,Makovická,leopolda59@example.com,Dolné Zahorany,2100.0
388,Klára,Tomaško,nciganik@example.org,Priekopa,4400.0
389,Blanka,Máčiková,luptakovajuliana@example.org,Oreské,1200.0
390,Ľudomil,Kysela,bcapka@example.com,Gočaltovo,3700.0
391,Elvíra,Dano,gasparmartinak@example.org,Rudinská,3200.0
392,Bohdan,Líšková,pstrycek@example.net,Okoličná na Ostrove,1200.0
393,Romana,Turčoková,omydlova@example.org,Mojš,4100.0
394,Nathan,Markovič,helena49@example.net,Nitrianska Streda,4400.0
395,Gertrúda,Dubnička,ekarulova@example.org,Rovňany,2300.0
396,Alojz,Bilek,arnold16@example.net,Ploské,3500.0
397,Olívia,Kuna,hhuttova@example.org,Vyšný Kazimír,3400.0
398,Angela,Makovecová,simonovicjaromir@example.net,Boťany,1400.0
399,Sandra,Klapka,hanuskaradomir@example.org,Tomášov,4000.0
400,Zlatko,Hušo,anabela51@example.org,Tajov,4600.0
401,Albert,Pavuk,cryska@example.com,Hencovce,2700.0
402,Ľudovít,Macová,msimonovic@example.net,Trstená na Ostrove,1500.0
403,Alojz,Boriková,tkrupova@example.com,Ľubietová,1700.0
404,Milica,Devečková,bohumir50@example.net,Volkovce,4300.0
405,Kristína,Rybníček,senkoseverin@example.com,Malé Hoste,4700.0
406,Valér,Kližanová,timotejhuba@example.org,Tehla,4000.0
407,Veronika,Cibuľa,stanislav71@example.org,Sečovce,1800.0
408,Miloš,Slovinec,cfranko@example.org,Stránska,2900.0
409,Ladislav,Pavelek,lubicapupakova@example.net,Dukovce,2600.0
410,Dobroslav,Hupková,martina79@example.com,Podkylava,4500.0
411,Karol,Pavelová,blazenamackova@example.org,Oravská Jasenica,1200.0
412,Arnold,Bukovská,eliska56@example.net,Kátov,1700.0
413,Matej,Gregušová,masarykovaludmila@example.com,Otročok,2400.0
414,Albín,Chrappa,hlavacovaregina@example.net,Opoj,1500.0
415,Frederik,Tatarková,dancakovadana@example.net,Chmiňany,3400.0
416,Ctibor,Palkovič,drotaraugustin@example.org,Horná Krupá,1600.0
417,Mojmír,Puškár,tomekovastanislava@example.com,Rudník,2300.0
418,Drahoslava,Pavlo,gdusko@example.com,Lúčka,2500.0
419,Slavomír,Tomanek,danokristian@example.net,Čakanovce,3200.0
420,Zlatko,Máček,gregusovapaulina@example.org,Veľká Dolina,1100.0
421,Svätopluk,Kotian,durisovaalica@example.com,Svetlice,1600.0
422,Viola,Kočka,melicharaugustin@example.net,Michalok,4300.0
423,Oskár,Šidlo,zoranholik@example.org,Sebechleby,2900.0
424,Berta,Trlík,tatarfridrich@example.com,Nová Bystrica,1800.0
425,Sergej,Zigo,vlnovalivia@example.com,Žakovce,3900.0
426,Jonáš,Hrianková,pavlikarpad@example.net,Brusník,1800.0
427,Herbert,Vaško,hanzellubor@example.org,Višňov,1100.0
428,Karla,Kázik,asimova@example.com,Dubovec,1400.0
429,Melichar,Dudeková,katarinasamelova@example.net,Trnávka,3200.0
430,Radomír,Krajčová,marianpavlovic@example.net,Geča,4600.0
431,Rozália,Greguš,durisovamonika@example.com,Rokytov pri Humennom,4700.0
432,Anton,Pelikán,valentinacapkova@example.com,Stankovany,2600.0
433,Nora,Kaniak,pvrabec@example.com,Koválov,1700.0
434,Gertrúda,Lacková,vlastimilhusek@example.com,Lipovce,4200.0
435,Albína,Michalica,sklarurban@example.com,Sása,3800.0
436,Dagmara,Čiernaová,zlatkokunka@example.org,Dolný Ohaj,1100.0
437,Veronika,Janíková,mikulakovaetela@example.com,Dolný Pial,3700.0
438,Krištof,Štefanovičová,ekrajciova@example.net,Zuberec,3500.0
439,Zuzana,Hudáčeková,martinkovicambroz@example.net,Diakovce,2600.0
440,Oto,Piková,adamtatarka@example.org,Lučatín,2400.0
441,Hugo,Novák,mocenasova@example.net,Kordíky,4300.0
442,Štefan,Strýček,boriklukas@example.com,Horné Saliby,1200.0
443,Olívia,Palovčíková,mikusboleslav@example.com,Petrovce nad Laborcom,3600.0
444,Emil,Kolníková,rihovaetela@example.net,Andrejová,2600.0
445,Gertrúda,Samuel,andrasikmarek@example.org,Sasinkovo,3500.0
446,Rudolf,Pajer,severinmarko@example.net,Trávnik,3300.0
447,Koloman,Motyková,stanislavazimova@example.com,Vajkovce,1400.0
448,Matilda,Pajerová,luboslava41@example.org,Zborov,3800.0
449,Gertrúda,Dušička,juliamadejova@example.com,Tarnov,3100.0
450,Jarmila,Adamec,filip57@example.org,Počúvadlo,4100.0
451,Demeter,Slovák,vavrinecovamargita@example.org,Vrádište,4100.0
452,Diana,Pavlovičová,moravcikcyprian@example.com,Kručov,2400.0
453,Bohumír,Paľka,hanekovahenrieta@example.com,Veľké Raškovce,4000.0
454,Oxana,Hanušková,ida43@example.net,Ladomirová,2300.0
455,Lesana,Klepáč,hrobonovapetrana@example.org,Horný Lieskov,3300.0
456,Zoran,Bernolák,paulovicovastanislava@example.org,Nižný Žipov,3000.0
457,Demeter,Veterník,hbobula@example.org,Šarkan,4500.0
458,Gustáv,Harvánek,bohdanastarostova@example.net,Rochovce,5000.0
459,Sabína,Martinovičová,oto30@example.org,Vyšný Klátov,2500.0
460,Zdenka,Jánová,mtomaska@example.com,Vrbnica,2900.0
461,Eulália,Maková,martinarufusova@example.com,Stankovany,1900.0
462,Svetozár,Ondrušková,radovanamadarova@example.com,Kajal,4200.0
463,Denis,Plchová,zpallo@example.net,Farná,4900.0
464,Henrich,Gavorník,husjuraj@example.com,Černík,4700.0
465,Kornel,Pavlíková,kozmondalibor@example.com,Veľké Ozorovce,4500.0
466,Servác,Martinkovič,rybnicekflorian@example.org,Závada,3600.0
467,Vanda,Makový,eulalia94@example.net,Jakubovany,3100.0
468,Koloman,Ryša,xchrappova@example.org,Ostratice,2400.0
469,Adriána,Veterníková,uholubekova@example.net,Dolná Mičiná,5000.0
470,Hana,Očenášová,pavlikovskyalbin@example.com,Boťany,2800.0
471,Atila,Skutecký,vieroslava26@example.org,Veľké Kršteňany,2200.0
472,Bohumír,Zubríková,jarmila52@example.net,Vinohrady nad Váhom,2500.0
473,Kazimír,Mačo,dvojtko@example.com,Hunkovce,2100.0
474,Prokop,Kuffa,jcibulka@example.com,Žitná - Radiša,2400.0
475,Justína,Boriková,vajdablahoslav@example.net,Záborské,4600.0
476,Božidara,Murinová,igalikova@example.com,Sudince,3200.0
477,Lujza,Dudek,dancakovakarina@example.org,Jelšava,4300.0
478,Ivan,Borek,xjanecka@example.com,Tuchyňa,2900.0
479,Angelika,Strnisko,vlnkovadarina@example.net,Sobrance,1800.0
480,Terézia,Jedľovská,ytomecek@example.org,Horné Saliby,2200.0
481,Tibor,Kušo,jerguspavlovic@example.org,Dolné Dubové,1000.0
482,Gregor,Dušová,kusnirdominik@example.com,Tomášikovo,1300.0
483,Miriama,Machatová,wmoric@example.com,Bukovec,2000.0
484,Zara,Karulová,marcinkoalexander@example.net,Kopčany,3800.0
485,Štefánia,Mamojka,vaclavandras@example.org,Lukačovce,4600.0
486,Eliáš,Majdanová,achbergersvetozar@example.com,Milhosť,3000.0
487,Izidor,Vrablec,riskamatej@example.org,Polomka,2600.0
488,Vasil,Dusko,frantisek03@example.com,Janík,2700.0
489,Jaroslava,Kavaschová,ghaluska@example.org,Majcichov,1100.0
490,Vieroslava,Trlík,simonovicovasidonia@example.org,Červeník,3400.0
491,Frederika,Ondrejkovičová,imagalova@example.com,Šarišské Sokolovce,4400.0
492,Andrej,Vajda,holikrastislav@example.org,Horné Štitáre,4400.0
493,Vendelín,Kollárová,sklenkovafilomena@example.org,Badín,1900.0
494,Aiko,Kocianová,eliskamalisekova@example.org,Kecerovský Lipovec,1100.0
495,Iľja,Kocúrová,norbertmakovicky@example.net,Renčišov,1600.0
496,Bianka,Mrázik,zelmira64@example.com,Nitrianska Streda,3400.0
497,Igor,Husťáková,branislava80@example.net,Chlebnice,3100.0
498,Eugénia,Medveďová,petrarysova@example.org,Kokava nad Rimavicou,3600.0
499,Zlatica,Jánošová,lholic@example.com,Hubovo,2300.0
500,Jarolím,Gašparová,zpuklus@example.net,Tuchyňa,4900.0
501,Beáta,Sýkora,maureryovamarika@example.net,Rajecké Teplice,4800.0
502,Tibor,Strnisko,hraskobelo@example.com,Oslany,3000.0
503,Karol,Roháčiková,salajerik@example.org,Gemerský Sad,4900.0
504,Marika,Kelo,karolinapavlicekova@example.net,Braväcovo,3000.0
505,Lenka,Valušeková,hdurovic@example.com,Malčice,4400.0
506,Ervín,Šulc,usalajkova@example.net,Dunajská Streda,2500.0
507,Tatiana,Kúska,romancikhenrich@example.org,Jastrabie pri Michalovciach,3400.0
508,Vanda,Marcinková,zmrazkova@example.net,Kiarov,4000.0
509,Laura,Raková,skuteckabeata@example.net,Žikava,2000.0
510,Estera,Valušeková,motyckajarolim@example.com,Drienica,2200.0
511,Ľudomila,Zachara,ciganikelias@example.org,Vajkovce,4300.0
512,Iveta,Janeček,filomena29@example.org,Gemer,1100.0
513,Ambróz,Margitová,boriktobias@example.com,Jarovnice,2400.0
514,Dalibor,Baňas,xvasko@example.org,Starý Hrádok,4000.0
515,Leonard,Tomášiková,qplaucha@example.net,Pohranice,2900.0
516,Ignác,Dora,pstrniskova@example.com,Štefanov nad Oravou,2600.0
517,Theodora,Šlivková,podhradskasvetlana@example.com,Dolná Lehota,1300.0
518,Dana,Grňová,durovicbenjamin@example.com,Ruská Poruba,3100.0
519,Katarína,Nálepková,ingrida38@example.net,Malá nad Hronom,3300.0
520,Bibiána,Ďurovskýová,stomas@example.org,Matysová,1700.0
521,Vratko,Cigánová,darinadurovskyova@example.net,Vrchteplá,3600.0
522,Emil,Paľovová,nmihalik@example.org,Chlmec,2300.0
523,Ľuboslav,Sámeľ,mackadrahomir@example.com,Plaveč,2000.0
524,Xénia,Kováč,leopoldapavolova@example.net,Jenkovce,1500.0
525,Bohumila,Baňasová,richard58@example.com,Vyšná Olšava,3500.0
526,Róbert,Kolnik,dhrdlicka@example.com,Čataj,3500.0
527,Marína,Kostrec,masarykovaagata@example.org,Stebnícka Huta,1800.0
528,Žigmund,Skleničková,jsalajkova@example.net,Biel,3300.0
529,Ariel,Kopa,krizambroz@example.org,Rakytník,3600.0
530,Božidara,Hubová,galambroz@example.com,Králiky,3900.0
531,Alex,Jurina,galikivan@example.org,Dargov,1200.0
532,Lýdia,Sklenková,richtarovalea@example.org,Laškovce,3100.0
533,Iľja,Pavlo,pholicova@example.net,Vyšná Slaná,1100.0
534,Vladimír,Rusňak,pkubicek@example.net,Kľak,2500.0
535,Dušan,Fogaš,tmasarik@example.com,Turčianske Jaseno,1300.0
536,Marcel,Šimek,malisekjaromir@example.com,Sokoľ,3200.0
537,Alexej,Kazíková,wtomeckova@example.com,Šarišské Sokolovce,2800.0
538,Bianka,Lajčiak,jakubjaromir@example.org,Rosina,4200.0
539,Alana,Žigová,krajciovagabriela@example.net,Vysoká nad Uhom,2800.0
540,Rebeka,Mečiarová,cesnekeder@example.com,Lazisko,1200.0
541,Lujza,Bruška,erik25@example.com,Šemetkovce,1800.0
542,Michaela,Beňuš,pupakovaalzbeta@example.com,Bardoňovo,1100.0
543,Jaromíra,Bôrik,samuelgazo@example.org,Rokytov pri Humennom,5000.0
544,Rastislav,Harváneková,eduard04@example.com,Mošurov,1600.0
545,Tamara,Antal,wnalepka@example.net,Sľažany,3900.0
546,Oldrich,Macková,galovaalbina@example.com,Ivachnová,2500.0
547,Enna,Mistrík,pajerovaoxana@example.org,Púchov,1000.0
548,Ľubomír,Hric,vierahlinkova@example.net,Cernina,4200.0
549,Denisa,Kríž,eluptakova@example.com,Štítnik,2400.0
550,Miroslav,Klimkovič,xdusickova@example.com,Stretava,3200.0
551,Viktor,Hušek,mojzisovasimona@example.net,Malý Lapáš,2700.0
552,Lujza,Palo,irisjakubcekova@example.net,Pohorelá,4400.0
553,Lívia,Dudová,ciganmikulas@example.org,Omšenie,1800.0
554,Klára,Pašek,zdenkokollar@example.com,Mengusovce,4500.0
555,Etela,Hanko,zanetamartinova@example.org,Limbach,2800.0
556,Radomír,Masaríková,slukacova@example.net,Čelovce,4800.0
557,Maximilián,Šarkan,vhudacek@example.net,Hodejovec,2100.0
558,Vratislav,Gavalierová,kborka@example.net,Vladiča,1800.0
559,Leopold,Motyka,kucerovaaiko@example.com,Starý Hrádok,4900.0
560,Kamil,Baran,pmartinek@example.org,Šarišské Jastrabie,2800.0
561,Želmíra,Ondruško,patriciakovalova@example.org,Hanigovce,5000.0
562,Svätopluk,Zachariáš,elenabielikova@example.org,Kuraľany,4600.0
563,Leonard,Paľo,blazejovaalica@example.com,Vyšný Mirošov,1900.0
564,Frederika,Cigán,timotej39@example.com,Mýtne Ludany,1400.0
565,Alex,Bartošová,valachovablazena@example.com,Hincovce,3500.0
566,Radovana,Hozová,juraszoran@example.net,Nová Ľubovňa,3100.0
567,Libor,Janečka,dorotovamalvina@example.com,Bernolákovo,4100.0
568,Sandra,Smreková,paluchovamilada@example.org,Bajtava,4600.0
569,Oldrich,Cigániková,ujanosko@example.com,Vyšné Ružbachy,1100.0
570,Alexandra,Haňáková,pstefanekova@example.com,Vranov nad Topľou,4300.0
571,Romana,Harvan,crohacik@example.net,Horná Lehota,1500.0
572,Milan,Bilek,roman68@example.com,Stupné,4500.0
573,Marta,Hliník,lubinajulius@example.com,Preseľany,1800.0
574,Ivana,Rybníčeková,gizelaabrahamova@example.org,Zbojné,4200.0
575,Andrej,Kúšová,rysovaviktoria@example.org,Pruské,4700.0
576,Zoran,Koza,jcobrdova@example.org,Vavrišovo,3400.0
577,Milada,Višňovský,durovskyovazelmira@example.net,Sikenica,1800.0
578,Alexander,Kaziková,djunas@example.com,Kvetoslavov,2500.0
579,Karol,Očenáš,lsamel@example.com,Tulčík,1200.0
580,Filoména,Valachovič,dudokvladislav@example.net,Sokolce,2400.0
581,Medard,Marečeková,laura97@example.net,Sikenica,1200.0
582,Justína,Klapáčová,rakovaberta@example.org,Šarišské Dravce,3700.0
583,Ružena,Achbergerová,gizela90@example.net,Golianovo,2800.0
584,Irma,Andrášová,tomaskodrahomir@example.org,Kyjov,1700.0
585,Iľja,Riško,kockovaagnesa@example.net,Kalinkovo,3300.0
586,Matej,Tomaník,lydia98@example.com,Klokoč,2700.0
587,Dobroslav,Kušnírová,pavlikovaaiko@example.net,Stročín,4000.0
588,Valéria,Mojžišová,qrisa@example.com,Družstevná pri Hornáde,1400.0
589,Dušan,Maková,hmelicharek@example.com,Sihelné,4000.0
590,Prokop,Kučerová,salajkabohumil@example.net,Maškovce,2400.0
591,Branislav,Palkovičová,solejvincent@example.com,Matysová,1000.0
592,Timotej,Madarová,kunafelix@example.net,Honce,2000.0
593,Kvetoslava,Makovická,aryska@example.org,Bukovce,1400.0
594,Gejza,Valachová,stelarakova@example.net,Leštiny,3100.0
595,Dáša,Kubíček,mackoarpad@example.org,Skrabské,4300.0
596,Gizela,Micháleková,tatarvendelin@example.net,Petrovce nad Laborcom,2100.0
597,Ferdinand,Krúpa,plesivcovaradoslava@example.net,Spišské Podhradie,2100.0
598,Miroslava,Kniha,pkorec@example.net,Dlhá nad Kysucou,4800.0
599,Eder,Cibulka,mkrajicek@example.com,Medzilaborce,1600.0
600,Eunika,Piková,fogasovalinda@example.org,Domaníky,3600.0
601,Bohuslava,Rómová,kcibula@example.net,Svinná,4900.0
602,Margaréta,Zachariašová,simekovazofia@example.com,Baka,4800.0
603,Karol,Špilár,gavalierbohumir@example.net,Tvrdošovce,2500.0
604,Jakub,Pollák,npalka@example.com,Lokca,3400.0
605,Sofia,Lisický,alzbetatomekova@example.com,Dolná Seč,5000.0
606,Ľuboš,Lipták,pavukalbin@example.org,Černina,2800.0
607,Simona,Ondrášiková,udurek@example.net,Uzovský Šalgov,1400.0
608,Boris,Hlinková,vratkopavlov@example.org,Lehnice,1800.0
609,Zora,Ľupták,rjanos@example.org,Strihovce,2700.0
610,Bohdana,Hečková,dklizan@example.net,Streda nad Bodrogom,2600.0
611,Želmíra,Jurko,qsalajka@example.net,Suchá Hora,2600.0
612,Nikola,Havranko,oklokoc@example.com,Pstriná,2000.0
613,Dezider,Veselová,juliuszubek@example.net,Sikenica,2200.0
614,Renáta,Ondrášiková,akuruc@example.org,Slančík,3900.0
615,Bohumila,Lukáč,solejsilvester@example.org,Janík,2500.0
616,Nataša,Červeňová,abrahamovanatalia@example.org,Vydrník,2800.0
617,Vratislav,Ondruseková,metodcyprich@example.org,Hažín,4900.0
618,Silvester,Klokoč,xhanusekova@example.net,Kapišová,3500.0
619,Bohumil,Nováková,emilbosak@example.net,Krivá,1700.0
620,Ľubomír,Holúbok,milos10@example.net,Sady nad Torysou,3600.0
621,Martina,Vojtek,samuelmikulak@example.com,Tuhár,4100.0
622,Judita,Kiselová,orliklibor@example.org,Priepasné,4000.0
623,Bernard,Huštáková,kalinakovaadela@example.net,Mníšek nad Popradom,3600.0
624,Leonard,Vojtka,karolslivko@example.org,Veľké Ludince,3900.0
625,Dorota,Kúska,mbondra@example.org,Drienovec,3100.0
626,Július,Križan,uslastan@example.com,Svinica,3600.0
627,Víťazoslav,Krajčír,holubokvaclav@example.com,Jamník,3400.0
628,Oľga,Galík,jborko@example.com,Stará Bašta,4800.0
629,Eulália,Abrahám,condrus@example.com,Súľov - Hradná,3300.0
630,Sandra,Kuska,ecigan@example.net,Lukavica,1800.0
631,Nora,Bosáková,liskafridrich@example.org,Dolné Semerovce,3400.0
632,Benedikt,Kolesárová,grnovaalena@example.net,Detrík,4500.0
633,Amália,Kramár,lucia41@example.net,Vyšná Jablonka,4700.0
634,Cyprián,Tatar,uklepacova@example.com,Lehota pod Vtáčnikom,3100.0
635,Samuel,Petruška,danieladroppova@example.com,Ďurková,4800.0
636,Tadeáš,Húšeková,tomaskokliment@example.net,Budiš,1900.0
637,Alex,Čarnogurský,jakubvesel@example.net,Vyšné nad Hronom,3800.0
638,Vieroslava,Mlynárik,orlikovaslavka@example.com,Bátka,2000.0
639,Gizela,Hlaváčová,afranova@example.org,Trávnica,4500.0
640,Antónia,Litvová,alexiaharvanova@example.net,Kysucké Nové Mesto,2300.0
641,Zita,Finková,kolesarpankrac@example.org,Župčany,2900.0
642,Belo,Dušová,smelichercikova@example.net,Orovnica,3700.0
643,Helena,Janečeková,rihazigmund@example.org,Buková,4000.0
644,Sabína,Riša,hustakherbert@example.net,Rykynčice,1900.0
645,Ľubica,Pušková,cesnakvratko@example.net,Nemešany,5000.0
646,Urban,Uram,valentinovakvetoslava@example.net,Unín,5000.0
647,Ľubor,Kubíčeková,mihalikklement@example.org,Váhovce,5000.0
648,Vladimíra,Jurek,talpassvetozar@example.org,Haniska,4600.0
649,Daniel,Bednárová,whavranka@example.org,Henckovce,4300.0
650,Miroslav,Holub,fharvan@example.com,Tovarné,2100.0
651,Timotej,Tomková,gbernolak@example.com,Handlová,4500.0
652,Andrea,Melicháreková,michalekzdenko@example.net,Černík,4700.0
653,Ivona,Bahnová,gregorbobula@example.org,Veľké Vozokany,3600.0
654,Eunika,Móricová,aurelcesnek@example.org,Bracovce,3200.0
655,Iris,Klimko,danciakovaalbina@example.net,Snakov,1000.0
656,Adela,Kupková,paulinamichalikova@example.org,Zábiedovo,4800.0
657,Danica,Hagara,marosovalibusa@example.org,Bratislava,2300.0
658,Ľubomír,Dancáková,mcapkovicova@example.com,Turčiansky Peter,2900.0
659,Alojz,Machová,kubickotimotej@example.com,Medveďov,1800.0
660,Iveta,Kráľ,palovaclav@example.org,Čierny Brod,2800.0
661,Jolana,Janko,kuparaduz@example.org,Hybe,3500.0
662,Miriama,Marcin,wmasar@example.net,Hostišovce,2700.0
663,Vojtech,Sklárová,dmadejova@example.net,Krivany,3400.0
664,Roland,Roháčeková,madarjergus@example.org,Slavošovce,1000.0
665,Karolína,Tupá,wpeskova@example.org,Bodovce,1700.0
666,Bianka,Baša,daniel95@example.com,Paňa,1700.0
667,Viktória,Husáková,mbartosikova@example.org,Štefanová,4000.0
668,Kristína,Marcinková,rybarikvlastimil@example.net,Margecany,3500.0
669,Iris,Kráľ,samuelhenrich@example.net,Chanava,4400.0
670,Dagmara,Ondrejka,bohdanmichalica@example.net,Fintice,1700.0
671,Ervín,Vojteková,jaromira56@example.com,Koškovce,1400.0
672,Ervín,Ryška,basovazora@example.org,Svätý Kríž,3000.0
673,Alojzia,Rojková,borisviktor@example.org,Kvetoslavov,1700.0
674,Florián,Pauková,amikus@example.net,Jakubovany,3300.0
675,Dobroslava,Timková,ejakubcova@example.com,Kľak,4100.0
676,Matilda,Jakubčíková,caplovicovahortenzia@example.com,Hrlica,3800.0
677,Dušan,Bobula,pasekvaclav@example.org,Nová Bašta,2600.0
678,Rudolf,Filip,gvalusek@example.com,Keť,1100.0
679,Ľubor,Hus,rzubrik@example.com,Hronský Beňadik,1800.0
680,Konštantín,Krajíček,hkobielsky@example.org,Janovík,4300.0
681,Petrana,Kurucová,samuelovaslava@example.org,Okres Košice III,4700.0
682,Marcel,Mikloško,agatatomasikova@example.net,Merník,4800.0
683,Petra,Kisel,petrovickagertruda@example.org,Trávnica,4200.0
684,Koloman,Janošová,jturcok@example.com,Šalov,3800.0
685,Oskár,Martináková,mydlodaniel@example.org,Maškovce,4000.0
686,Metod,Pavková,lubomira22@example.org,Kechnec,1600.0
687,Alžbeta,Galíková,orysa@example.org,Snakov,4600.0
688,Iľja,Janošek,jarmilaslastanova@example.net,Belá - Dulice,3400.0
689,Dionýz,Dudeková,scibulkova@example.org,Slavošovce,3300.0
690,Prokop,Marková,liviakralovicova@example.net,Kamenné Kosihy,2900.0
691,Soňa,Mariánová,michalicovaingrida@example.org,Zubné,1700.0
692,Vincent,Tomášik,arnoldrusnak@example.net,Krajná Bystrá,2300.0
693,Bruno,Húsová,frederikstrba@example.org,Sokoľany,4400.0
694,Regína,Ftáčniková,ukaniakova@example.net,Giraltovce,3700.0
695,Radúz,Borišová,ivanavozarova@example.org,Sokolce,4700.0
696,Víťazoslav,Čierny,daliborsmajda@example.net,Geraltov,2300.0
697,Lujza,Vaneková,smichalechova@example.org,Radvanovce,2500.0
698,Františka,Mikulák,ruskovairena@example.com,Vojkovce,1700.0
699,Radomír,Šváb,melicharsklenica@example.net,Bobrovček,2900.0
700,Liliana,Krajčíová,lbilekova@example.org,Geča,1800.0
701,Leopold,Pavličeková,miloslav92@example.org,Podhájska,2500.0
702,Veronika,Michalka,lmackova@example.org,Jovsa,1100.0
703,Kornel,Kiseľ,dsimon@example.org,Lukov,4000.0
704,Angela,Lipták,bozidaraciernikova@example.org,Tovarníky,1800.0
705,Františka,Mačeková,durekovafilomena@example.org,Hrabičov,3200.0
706,Melánia,Palo,luboslav07@example.net,Vyškovce,1000.0
707,Prokop,Strnisková,huckovaemilia@example.org,Zlaté,3300.0
708,Adam,Rubík,stoman@example.com,Bartošovce,1000.0
709,Klára,Adam,miloslavaborikova@example.com,Plavé Vozokany,2200.0
710,Ladislav,Jakubčo,spavolova@example.com,Oslany,3200.0
711,Stela,Dusík,hraskocyril@example.org,Papín,2400.0
712,Silvester,Hroboň,jancaurban@example.com,Oravská Jasenica,1500.0
713,Bohdan,Selecká,gabrielabenuskova@example.org,Klokoč,3600.0
714,Vanesa,Pišút,rsokol@example.com,Sverepec,3900.0
715,Laura,Ťapáková,qjanecko@example.net,Malatíny,2600.0
716,Lujza,Rosová,jjakubco@example.net,Slavec,3000.0
717,Vojtech,Plauchová,omalisekova@example.org,Selec,1400.0
718,Milena,Daneková,galikovalydia@example.net,Kolíňany,2700.0
719,Perla,Dúška,gasparvalusek@example.com,Hatné,3300.0
720,Vasil,Mikušová,bednarovabozidara@example.com,Jamník,4800.0
721,Theodora,Jánoško,frankoariel@example.org,Krivosúd - Bodovka,3100.0
722,Dezider,Kaliňáková,michaelaslobodnikova@example.com,Trnovo,1300.0
723,Gabriel,Šimon,silvesterandrasik@example.net,Nižná Slaná,3500.0
724,Róbert,Zubka,kubablahoslav@example.com,Cinobaňa,1200.0
725,Servác,Romančík,korneliahascakova@example.com,Omastiná,3400.0
726,Dobroslav,Fedor,machacekhenrich@example.net,Kalná Roztoka,3300.0
727,Roland,Drobná,ypavko@example.com,Zákopčie,1200.0
728,Lea,Kubec,valuskadobroslav@example.org,Kružno,3300.0
729,Demeter,Cibulka,mikulikovaterezia@example.org,Belá,1400.0
730,Dáša,Strnisko,jrohacik@example.net,Stará Lehota,4900.0
731,Tibor,Novák,eliskamiklikova@example.net,Mníšek nad Popradom,5000.0
732,Alfonz,Filipko,klementdado@example.org,Zborov nad Bystricou,3400.0
733,Áron,Boriš,marcinsvetozar@example.com,Streženice,2200.0
734,Anežka,Janková,ificova@example.org,Dvorníky - Včeláre,1200.0
735,Branislava,Lajčáková,cervenovaantonia@example.org,Ďurďové,1400.0
736,Vratislav,Čapla,slavajunasova@example.net,Malé Ludince,3700.0
737,Henrieta,Boriš,janosikovablazena@example.org,Balog nad Ipľom,3000.0
738,Petronela,Kocur,psurkova@example.org,Huncovce,1400.0
739,Elvíra,Adamová,libusadorkova@example.org,Radoma,5000.0
740,Frederika,Haluška,olga45@example.net,Skalka nad Váhom,4000.0
741,Regína,Koubová,iklimacekova@example.net,Lutila,1600.0
742,Miriama,Turčoková,tatarariel@example.com,Poľany,4300.0
743,Ladislav,Debnár,bohumilhrianka@example.org,Smolník,2500.0
744,Theodora,Miklík,vit62@example.com,Vyšná Voľa,2600.0
745,Timea,Paveleková,petranagalikova@example.net,Rykynčice,3900.0
746,Silvester,Labudová,palovaclav@example.org,Radnovce,3200.0
747,Oto,Habšudová,eliaszacharias@example.com,Bajč,2000.0
748,Patrik,Gocníková,albina66@example.net,Krasňany,4200.0
749,Florián,Bielik,albinavojtekova@example.net,Kotešová,4000.0
750,Klára,Očenáš,ykockova@example.net,Stará Huta,3600.0
751,Mikuláš,Hušek,andrasikovasidonia@example.org,Rudno nad Hronom,4900.0
752,Želmíra,Tomáš,ajanka@example.net,Nové Hony,4700.0
753,Belo,Janečko,amackovic@example.net,Chropov,4200.0
754,Ondrej,Roháčik,machacekovadrahoslava@example.com,Nandraž,3700.0
755,Viliam,Marečeková,frantiskacesnekova@example.net,Svodín,4300.0
756,Prokop,Kotulič,knihovanora@example.org,Divina,2800.0
757,Dominik,Škriniar,timotejmatiasko@example.net,Hostišovce,1200.0
758,Adela,Kendrová,reginakyselova@example.com,Nová Bašta,3200.0
759,Severín,Šulc,kusovaelvira@example.net,Palárikovo,1300.0
760,Silvester,Zubka,pondrusek@example.org,Okružná,3900.0
761,Daniel,Paľov,zelmiramotykova@example.net,Hrochoť,3000.0
762,Miroslava,Kramárová,mbarankova@example.net,Nitrianske Rudno,2600.0
763,Gertrúda,Šimek,fondrusekova@example.org,Jablonové,4600.0
764,Zita,Kocúr,akyselova@example.net,Rašice,3600.0
765,Benjamín,Madejová,hlavacalexej@example.com,Visolaje,5000.0
766,Edmund,Husár,tibor55@example.com,Chrťany,1800.0
767,Kamila,Cibulka,akotianova@example.com,Demänovská Dolina,2700.0
768,Izidor,Fraňo,inavara@example.org,Malý Lapáš,5000.0
769,Jana,Hoštáková,jakubcekovajulia@example.org,Veľká Franková,3600.0
770,Xénia,Jurášová,stefankarudolf@example.net,Trebostovo,1500.0
771,Alexej,Polláková,plekaneceugen@example.net,Brezno,3100.0
772,Veronika,Bartošová,sklenarovakatarina@example.net,Kamenné Kosihy,4300.0
773,Zina,Ondrušek,njanosikova@example.com,Hlboké,2600.0
774,Ivan,Devečková,branislavamartova@example.org,Kuková,3400.0
775,Sergej,Líška,ekocurova@example.net,Vyšná Kamenica,3400.0
776,Radomír,Vlachová,risovalucia@example.com,Stráne pod Tatrami,1900.0
777,Filoména,Baňa,hrobonludolf@example.org,Bystrá,3800.0
778,Henrieta,Moravecová,chudikbystrik@example.net,Rúbaň,4100.0
779,Elisa,Junas,repiskaslava@example.org,Sap,4100.0
780,Melánia,Tomko,mikulakovaivona@example.net,Hozelec,1100.0
781,Aurélia,Hanušková,csamelova@example.org,Kátlovce,2900.0
782,Hilda,Zachariáš,fedorambroz@example.com,Hermanovce nad Topľou,4000.0
783,Justína,Selecký,dobroslavnovotny@example.com,Oponice,3100.0
784,Hubert,Loja,adrianamrazkova@example.org,Valča,4900.0
785,Paulína,Duša,mariadekysova@example.net,Radošina,1700.0
786,Dobroslav,Labudová,lukas44@example.com,Nemšová,1700.0
787,Matúš,Plekancová,timkovajustina@example.net,Karlová,3800.0
788,Ľubica,Hanek,bondrovalolita@example.org,Dolný Vadičov,4500.0
789,Lea,Dusík,krajicekovajaromira@example.org,Bruty,1100.0
790,Maroš,Kuska,liviabasova@example.com,Ružiná,3100.0
791,Rozália,Cesnaková,madarmaximilian@example.net,Stará Huta,4900.0
792,Barbara,Kovaľová,ypavlov@example.com,Malý Šariš,4900.0
793,Albín,Kozáková,jaroslavkisela@example.org,Gemerské Michalovce,3000.0
794,Klement,Salajková,renedroppa@example.net,Lenartovce,4800.0
795,Móric,Máček,hankovamargita@example.org,Bystrá,2500.0
796,Etela,Tomášková,nkral@example.net,Vojany,3400.0
797,Stanislav,Tomášová,rastislavkrajci@example.com,Slovenská Kajňa,2100.0
798,Marcel,Ružičková,prokoppaulovic@example.org,Banský Studenec,2100.0
799,Ľudomil,Pavliková,tlabuda@example.org,Hrubý Šúr,4800.0
800,Melichar,Černoch,bsklar@example.net,Podhorany,1900.0
801,Jaroslav,Melicher,jergus56@example.com,Brekov,4100.0
802,Saskia,Svrbík,apavlicek@example.com,Častkov,1200.0
803,Jakub,Borek,urban84@example.org,Kostolište,1600.0
804,Vendelín,Mácová,danovaida@example.net,Benkovce,3800.0
805,Drahoslav,Vašek,junasovamartina@example.org,Svätá Mária,3000.0
806,Lukáš,Zimová,blankahalakova@example.com,Henckovce,2600.0
807,Ľubor,Dudek,poliakovalivia@example.net,Kamenec pod Vtáčnikom,1300.0
808,Marek,Vrabcová,sarlota09@example.org,Píla,2200.0
809,Alex,Vydarený,romancesnek@example.com,Čaňa,2500.0
810,Sergej,Hrmo,upalla@example.com,Medzilaborce,3300.0
811,Juraj,Zubek,paulicekjakub@example.com,Dubovec,2000.0
812,Helena,Hanak,janovatheodora@example.org,Braväcovo,3200.0
813,Bronislava,Solejová,nsamel@example.com,Hájske,2100.0
814,Július,Konopka,alexander81@example.org,Háj,3500.0
815,Marián,Kúsová,truzicka@example.com,Nedožery - Brezany,1100.0
816,Simona,Vanek,ulipko@example.org,Môlča,4700.0
817,Kristián,Janča,kusovaursula@example.org,Čechynce,4100.0
818,Eliáš,Janošek,zkoubova@example.com,Detvianska Huta,3500.0
819,Gertrúda,Koppa,ckolesar@example.org,Tornaľa,1100.0
820,Valér,Martinovič,fjantosovicova@example.org,Rudná,1400.0
821,Romana,Gáliková,motyckovaeliska@example.com,Nechválova Polianka,4700.0
822,Ivana,Klokočová,zubekovazdenka@example.net,Vyšná Jablonka,2000.0
823,Malvína,Kučera,daliborpoliak@example.net,Moravský Svätý Ján,3700.0
824,Félix,Jurčinová,gizelamaureryova@example.org,Varadka,1600.0
825,Alexia,Vlach,edana@example.org,Markušovce,2300.0
826,Soňa,Cigáňová,ldudokova@example.net,Rovensko,1500.0
827,Tibor,Husák,dana91@example.com,Horné Plachtince,3000.0
828,Bruno,Chrappa,qmacko@example.net,Prievidza,4200.0
829,Františka,Puklušová,machenrich@example.com,Skrabské,3900.0
830,Lenka,Junásová,murinalfonz@example.com,Nemčiňany,1200.0
831,Jaromíra,Vozar,nzachariasova@example.com,Lúčky,4900.0
832,Jozefína,Kôstka,borisovaradovana@example.com,Brezov,4800.0
833,Klement,Hubová,vojteksergej@example.com,Barca,4800.0
834,Amália,Bilko,dhrasko@example.net,Kalnište,4500.0
835,Jarolím,Slašťanová,skriniardezider@example.com,Chtelnica,4300.0
836,Viliam,Kysel,kubekovatamara@example.net,Harakovce,1300.0
837,Eleonóra,Jakubka,ftorekovazaneta@example.net,Čičarovce,4600.0
838,Diana,Rišová,krasnohorskaludmila@example.com,Jahodná,4500.0
839,Peter,Kysel,annasmajdova@example.net,Vyšný Hrušov,2300.0
840,Emanuel,Sklárová,marosovajudita@example.com,Lučivná,4800.0
841,Žaneta,Dorková,mtomeckova@example.org,Rakúsy,4500.0
842,Alexandra,Michalíková,melichardominik@example.net,Jaklovce,3200.0
843,Ján,Cíger,borislubomir@example.org,Hubová,3400.0
844,Zdenko,Petrovický,palovcikovaalzbeta@example.org,Čičava,2800.0
845,Štefan,Martáň,zarapavlikova@example.net,Šúrovce,1200.0
846,Marta,Ďaďová,wfranva@example.net,Michalová,4800.0
847,Vladimír,Baranka,gaspar87@example.net,Kunerad,3500.0
848,Atila,Hošťák,sdobsinska@example.net,Fričovce,3900.0
849,Bonifác,Záborská,qlukac@example.net,Tročany,4900.0
850,Demeter,Rýs,bahnavlastimil@example.net,Stredné Plachtince,3200.0
851,Miloslava,Palo,ysoltysova@example.com,Priekopa,2400.0
852,Božidara,Makovec,farkasovskybystrik@example.com,Radoma,1300.0
853,Ľudmila,Sameľová,vandadusova@example.org,Livina,4900.0
854,Agáta,Šimík,kozakzoltan@example.com,Martin,2700.0
855,Iveta,Ondrušková,mmelichar@example.net,Šípkov,1900.0
856,Milena,Filc,rebeka97@example.net,Žalobín,2900.0
857,Sofia,Lukáč,jdanko@example.com,Čavoj,1000.0
858,Iľja,Kováčiková,tomasborik@example.net,Tokajík,3900.0
859,Eugen,Senko,idamoravcikova@example.net,Brezina,2500.0
860,Andrej,Hoza,mmackovicova@example.com,Pruské,4700.0
861,Gabriel,Mráziková,balazovaalana@example.com,Plavecký Mikuláš,3500.0
862,Drahoslav,Jurík,tgal@example.com,Roztoky,4400.0
863,Zdenka,Paľuchová,puklusovasofia@example.net,Vojka,1400.0
864,Alfonz,Kušnír,xjurkovicova@example.org,Dolný Kubín,4900.0
865,Herbert,Paulovič,miriama07@example.net,Mučín,1300.0
866,Anežka,Mácková,drahoslava18@example.com,Kojatice,4200.0
867,Božena,Šmajda,gabriel36@example.com,Píla,4000.0
868,Justína,Velďák,kmackova@example.org,Dobšiná,4200.0
869,Zdenka,Hablák,ambrozdubnicka@example.com,Rafajovce,3700.0
870,Terézia,Bukovský,kupkojaroslav@example.net,Miloslavov,4500.0
871,Beňadik,Mareček,rstrycekova@example.com,Staré Hory,3700.0
872,Veronika,Janka,hhrusovska@example.com,Bátovce,4100.0
873,Dagmara,Vesel,slobodnikignac@example.org,Sološnica,3200.0
874,Angelika,Černoch,korcakovazara@example.org,Dúbravy,4100.0
875,Ľubomíra,Devečka,macekradovan@example.com,Dlhé Pole,4200.0
876,Sofia,Kubo,svrbikhubert@example.net,Bodružal,4300.0
877,Oxana,Cígerová,konopkaradomir@example.net,Medzibrodie nad Oravou,3500.0
878,Dobroslava,Plchová,hugomartinkovic@example.com,Trnovec nad Váhom,2100.0
879,Anabela,Lipka,palovicovaviera@example.org,Trnava,2100.0
880,Júlia,Forgáčová,drahoslavacervenova@example.org,Gočovo,1000.0
881,Eulália,Petruška,simkaurban@example.org,Oľšavce,4400.0
882,Bruno,Ftáčniková,masnadanica@example.org,Nový Salaš,1600.0
883,Ivica,Martinkovič,xmoravecova@example.net,Dolné Trhovište,4800.0
884,Radoslava,Kocúrová,dobroslava72@example.net,Doľany,4000.0
885,Veronika,Uram,korecovazelmira@example.org,Hrachovište,2900.0
886,Igor,Plekanec,vrabcovaliana@example.org,Kráľova Lehota,4900.0
887,Radúz,Hanusková,srisova@example.org,Stará Bystrica,4100.0
888,Ľudmila,Čapľa,hraskovaagata@example.com,Čaňa,3700.0
889,René,Jakubová,martinkovamarika@example.net,Kostolná - Záriečie,5000.0
890,Vojtech,Kazík,ipodkonicky@example.com,Breza,1800.0
891,Silvia,Otčenáš,rdudokova@example.net,Rakúsy,2600.0
892,Vanesa,Tomaníková,marinaborkova@example.net,Hrnčiarovce nad Parnou,4800.0
893,Marína,Nižňanská,alfonzsimo@example.net,Sklené,3600.0
894,Vladimír,Korčáková,cibulkovablanka@example.net,Červeňany,4500.0
895,Adriána,Mrázová,pavlicekovaalojzia@example.net,Telince,2700.0
896,Zoran,Jurko,richardovabrigita@example.com,Holice,1200.0
897,Vanesa,Machnáčová,eunikaadamova@example.net,Palín,1500.0
898,Etela,Ondrášik,matustazky@example.org,Jablonové,4300.0
899,Albert,Klimo,severindudo@example.com,Zemianske Podhradie,3400.0
900,Vratko,Bednár,kozacekroman@example.net,Kalameny,2800.0
901,Milada,Zacharová,cyril75@example.com,Slovenské Kľačany,2100.0
902,Enna,Vlk,pfasiangova@example.net,Pongrácovce,1500.0
903,Františka,Strnisko,ciernaovabeata@example.net,Selice,1500.0
904,Mária,Kocová,tsedliak@example.org,Lužianky,2200.0
905,Aurel,Ján,ludovit42@example.net,Dolné Semerovce,4100.0
906,Dominika,Durdík,drahoslavatomanova@example.org,Kazimír,4300.0
907,Sidónia,Tomáš,ejunasova@example.org,Brezina,4400.0
908,Alžbeta,Klapáč,hildakubkova@example.net,Osturňa,1100.0
909,Elena,Hanáková,deniskus@example.com,Hriňová,3500.0
910,Petrana,Holuby,wpauko@example.org,Borčice,2200.0
911,Renáta,Ďurkovič,capkamartin@example.com,Štúrovo,1900.0
912,Cecília,Tomana,madarovakarla@example.com,Žitavce,2400.0
913,Kamil,Galíková,jaroslavaklimkova@example.net,Hincovce,4300.0
914,Rudolf,Janák,bjunas@example.net,Livinské Opatovce,3900.0
915,Melichar,Ďuricová,klimkovafrederika@example.org,Trsťany,3500.0
916,Miloslava,Mikúšová,bibiana67@example.org,Jankovce,2200.0
917,Valentína,Pavlová,junasovazara@example.com,Turecká,1200.0
918,Svetozár,Tatarka,vlastimilhus@example.net,Chvojnica,2300.0
919,Iveta,Bednárik,kbano@example.org,Jablonec,1700.0
920,Alana,Škriniarová,bondrovablazena@example.net,Malý Kamenec,1900.0
921,Fridrich,Skleničková,apavuk@example.com,Kúty,4300.0
922,Amália,Slašťanová,eduardban@example.com,Choňkovce,1000.0
923,Ľudmila,Ftorek,kliptak@example.net,Vitanová,3600.0
924,Kliment,Kubec,tomaskralik@example.org,Čebovce,4900.0
925,Bohdan,Paľovčík,moricovajarmila@example.net,Kosorín,1300.0
926,Amália,Česnek,barbaravalentova@example.com,Bretejovce,4200.0
927,Cecília,Čapka,wdusa@example.net,Hervartov,2500.0
928,Natália,Šimonová,plavecovamatilda@example.com,Malé Ludince,3300.0
929,Zara,Vašeková,mikulascerveny@example.com,Kaľava,4900.0
930,Perla,Škriniarová,mklepacova@example.net,Hurbanovo,1900.0
931,Andrej,Melichár,sebovagabriela@example.com,Sušany,4200.0
932,Arpád,Kozáčiková,sidonia77@example.org,Veľké Blahovo,2200.0
933,Eulália,Róm,zelmirahabsudova@example.org,Spišské Podhradie,3600.0
934,Paulína,Král,marikakolnikova@example.net,Chyžné,2000.0
935,Hilda,Rišková,dstefanekova@example.com,Vyšný Hrabovec,1700.0
936,Xénia,Cígerová,borekovarebeka@example.net,Brezovica,3200.0
937,Kornel,Zubeková,mmoricova@example.org,Pichne,4200.0
938,Libor,Mikloško,yvajcikova@example.org,Holice,1700.0
939,Ľudmila,Masná,drahomirabartovicova@example.net,Gbelce,2900.0
940,Roland,Martinček,boleslav40@example.org,Kečovo,1800.0
941,Monika,Škultéty,sarapaskova@example.com,Košice,4400.0
942,Viktória,Štrbová,brigitapaluchova@example.org,Poltár,2500.0
943,Vlasta,Madarová,wvalentinova@example.org,Zamarovce,4100.0
944,Alan,Kazík,paluchovanatasa@example.com,Matysová,3800.0
945,Ladislava,Rúfus,nalepkaluboslav@example.org,Sklabiná,3400.0
946,Františka,Blaho,haluskovastefania@example.net,Veľký Krtíš,4100.0
947,Marta,Obšut,vdusekova@example.net,Michalovce,4100.0
948,Andrej,Hagara,jancekaurel@example.net,Višňov,2400.0
949,Emília,Kúbek,marina60@example.net,Nižný Tvarožec,2000.0
950,Maroš,Ďurišová,kubagustav@example.net,Bežovce,1000.0
951,Sabína,Moravec,thanakova@example.net,Ruskov,4300.0
952,Jarmila,Hanušková,mnota@example.com,Zlaté,4300.0
953,Vratislav,Biceková,lubicabezakova@example.net,Humenné,1300.0
954,Barbara,Vajcík,ofajnorova@example.com,Košťany nad Turcom,3200.0
955,Áron,Beňo,svetozar94@example.net,Bobrovček,3900.0
956,Iris,Richtár,bohdana57@example.org,Veľké Kosihy,5000.0
957,Valentína,Pavelková,marcinkovaivona@example.org,Havaj,4700.0
958,Andrej,Krupa,zduska@example.org,Dojč,1700.0
959,Stanislava,Lišková,hlabuda@example.net,Bodorová,4100.0
960,Paulína,Zubrík,wkrajci@example.net,Turzovka,1500.0
961,Gejza,Klimeková,mbukovsky@example.com,Holumnica,1600.0
962,Dáša,Moric,klimovaperla@example.com,Hrnčiarska Ves,2400.0
963,Dalibor,Ondrušková,dusickamichal@example.com,Lúčka,3100.0
964,Olívia,Jantošovičová,klimekdusan@example.com,Dolné Trhovište,3200.0
965,Iveta,Ďurkovský,utimekova@example.org,Kokošovce,2200.0
966,Beáta,Sklenár,zachariasovadrahoslava@example.com,Malý Čepčín,3800.0
967,Kornel,Ďuriš,vveselova@example.net,Nižný Mirošov,1100.0
968,Boleslav,Maďara,sarlotamachnacova@example.net,Nižný Komárnik,2400.0
969,Alfréd,Pavlovič,frederikaondrusekova@example.org,Lukovištia,4700.0
970,Ludolf,Tomeček,oliverjakubco@example.net,Poráč,1300.0
971,Júlia,Mraz,xmoric@example.com,Pongrácovce,3900.0
972,Emanuel,Paluch,urusnak@example.org,Veľké Kršteňany,1300.0
973,Anabela,Škriniarová,tomekjakub@example.net,Jarabina,1900.0
974,Valéria,Abrahámová,vajcikovajustina@example.com,Stráňany,2800.0
975,Šimon,Abrahámová,fkurucova@example.com,Trenčianske Jastrabie,1100.0
976,Bystrík,Bobuľová,slivkovavilma@example.org,Lendak,3000.0
977,Oto,Plaucha,bruno03@example.com,Holice,3300.0
978,Miriama,Opluštilová,sloja@example.org,Jurová,1400.0
979,Jaromír,Kocáková,nklopackova@example.net,Nižný Skálnik,3400.0
980,Ľubica,Vlk,trys@example.org,Farná,4700.0
981,Oliver,Dusková,rozaliadudova@example.org,Ordzovany,1900.0
982,Cecília,Zubko,hanusekovaestera@example.org,Krajná Porúbka,3700.0
983,Vilma,Bosáková,fciganikova@example.com,Vieska,3300.0
984,Leonard,Solejová,wfeldekova@example.net,Dolné Dubové,4100.0
985,Vincent,Chudík,kiselhubert@example.com,Folkušová,2900.0
986,Marián,Salajka,augustin63@example.com,Vlčkovce,4900.0
987,Tibor,Trlíková,tichomirmackovic@example.org,Križovany nad Dudváhom,2600.0
988,Izabela,Kocian,qmihalik@example.com,Radzovce,4000.0
989,Ivica,Mečiar,konopkavaler@example.net,Devičany,2400.0
990,Arnold,Štrbová,tomasekalexander@example.net,Partizánske,5000.0
991,Eliška,Skleničková,gpavlovicova@example.org,Brestov,1600.0
992,Oskár,Nôta,bartovicflorian@example.com,Blhovce,2000.0
993,Melánia,Jánová,mholik@example.org,Čadca,1500.0
994,Theodora,Kendra,fjanosko@example.net,Palota,1900.0
995,Eduard,Jantošovič,livianiznanska@example.org,Dolná Mariková,4500.0
996,Oxana,Richard,qdanova@example.net,Udavské,4000.0
997,Patrícia,Masáriková,samuelsamuel@example.net,Šípkov,2500.0
998,Ferdinand,Hanusová,uklimkovic@example.net,Bánov,3300.0
999,Ema,Jureková,drotarovarebeka@example.com,Banský Studenec,2400.0
1000,Daniela,Markovičová,mlynariksvatopluk@example.com,Lipovce,3174.022066198596
