id,first_name,last_name,occupation,email
1,Richard,Johnson,Merchant navy officer,wadepreston@example.com
2,John,Roth,Applications developer,grantrobert@example.net
3,Rickey,Wu,Dispensing optician,webbsabrina@example.net
4,Jesse,Morgan,Minerals surveyor,kathleen58@example.net
5,Jamie,Daniel,"Scientist, forensic",swong@example.org
6,Donna,Morales,Seismic interpreter,lauren96@example.org
7,Willie,Calderon,"Conservation officer, nature",jgood@example.com
8,Nathan,Williams,Games developer,jonesheidi@example.org
9,Monica,Davis,Sales executive,amanda21@example.org
10,Rachel,Allen,Mining engineer,adamsamber@example.com
11,Kevin,Miller,Amenity horticulturist,larsonchristopher@example.com
12,Alicia,Todd,Financial controller,troylong@example.net
13,James,Brewer,Mining engineer,fsteele@example.com
14,Stefanie,Fox,"Engineer, energy",bbray@example.com
15,Taylor,Tanner,TEFL teacher,boonefrederick@example.org
16,Joshua,Perry,Air traffic controller,kellyhall@example.net
17,Brandon,Anderson,"Psychologist, clinical",warnold@example.com
18,Heather,Adams,Tree surgeon,richard84@example.com
19,Lisa,Hernandez,Food technologist,carterjudith@example.org
20,Jake,Rodriguez,Statistician,karenrogers@example.net
21,Michelle,Griffin,"Accountant, chartered management",hooverjeffrey@example.org
22,Devin,Garcia,Television floor manager,torreskaren@example.org
23,Maurice,Leon,English as a second language teacher,wcastro@example.org
24,Kevin,Gonzalez,Air cabin crew,pquinn@example.com
25,Thomas,Good,Emergency planning/management officer,nicholasclark@example.net
26,Teresa,Abbott,Health visitor,tracyleonard@example.net
27,Julie,Bridges,Armed forces operational officer,hamiltontimothy@example.net
28,Rhonda,Brown,Structural engineer,vaughankristina@example.net
29,Kathleen,Black,Civil Service fast streamer,johnsonmadison@example.com
30,Todd,Best,Recruitment consultant,victor66@example.org
31,Henry,Duffy,Financial risk analyst,derek03@example.net
32,Ryan,Robinson,Theatre manager,sortiz@example.org
33,Albert,Miller,"Librarian, public",jeffreycampbell@example.com
34,Holly,Luna,Clinical embryologist,chavezbrenda@example.net
35,Tiffany,Monroe,"Psychologist, educational",whitejohnny@example.org
36,Kenneth,Martinez,Pensions consultant,michaelstone@example.net
37,Bradley,Burns,Medical illustrator,reyeskristen@example.net
38,Shelby,Ellison,Legal executive,foxbarbara@example.org
39,Timothy,Mitchell,Production manager,mathisralph@example.net
40,Leslie,White,Database administrator,earnold@example.com
41,Matthew,Rhodes,Dentist,hrobinson@example.com
42,Jennifer,Bowers,Sports therapist,fullerbenjamin@example.com
43,Ashley,Wright,Product/process development scientist,morganjennifer@example.org
44,Christy,Miller,Counselling psychologist,tperkins@example.org
45,Alec,Taylor,Farm manager,reyessusan@example.com
46,John,Vaughn,Public house manager,kelly41@example.net
47,Sandra,Blake,"Surveyor, insurance",rodney54@example.net
48,Matthew,Horn,Network engineer,wdean@example.net
49,Megan,Caldwell,Hotel manager,vmueller@example.com
50,Stephanie,Williams,Structural engineer,matthewellis@example.org
51,Erin,Armstrong,Volunteer coordinator,ryanpierce@example.net
52,Jonathan,Watts,Operational researcher,wwilliams@example.com
53,Jessica,Chavez,Legal executive,christiedavis@example.net
54,Kimberly,Sweeney,Town planner,edwardshelen@example.org
55,Jessica,Hampton,"Accountant, chartered certified",erin59@example.com
56,Calvin,Coleman,Housing manager/officer,meghanprince@example.org
57,Lisa,Johnson,Insurance risk surveyor,duanedavis@example.com
58,Jeffrey,Figueroa,Youth worker,alexander57@example.com
59,Michael,Hamilton,"Psychologist, educational",vincentedwards@example.net
60,Robert,James,Games developer,amyadams@example.org
61,Elizabeth,Sanchez,"Designer, ceramics/pottery",qwilson@example.org
62,Carol,Harrell,Warehouse manager,jeffrey01@example.com
63,Theresa,Black,"Psychotherapist, dance movement",samantha11@example.com
64,Brian,Bailey,Facilities manager,landrybryan@example.net
65,Franklin,Macdonald,Archivist,gobrien@example.net
66,Oscar,Holloway,Scientific laboratory technician,wilsonroy@example.com
67,Cassandra,White,Telecommunications researcher,vpowers@example.org
68,Hunter,Mckenzie,Building surveyor,pmoyer@example.com
69,Judith,White,Further education lecturer,oherrera@example.net
70,John,Preston,Product designer,diazamy@example.net
71,Randy,Huffman,"Runner, broadcasting/film/video",mmurphy@example.com
72,Angela,Aguirre,Health promotion specialist,cooperrodney@example.org
73,Kyle,Gutierrez,"Teacher, special educational needs",ldecker@example.com
74,Joel,Brown,"Nurse, children's",alexisjackson@example.com
75,Laura,Mcdaniel,Estate agent,mccannkaren@example.org
76,Cassandra,Lam,Medical sales representative,jenniferzimmerman@example.org
77,Christian,Freeman,Exercise physiologist,vbeck@example.com
78,Ariana,Young,Human resources officer,sarahwatson@example.org
79,John,Hart,"Sound technician, broadcasting/film/video",rsmith@example.net
80,Rebecca,Powell,Cartographer,englishchristopher@example.org
81,Joseph,Andrade,Industrial/product designer,ellisjustin@example.org
82,Lindsay,Brown,"Nurse, adult",kristina48@example.org
83,Christopher,Rodriguez,Immunologist,alyssa05@example.com
84,Tara,Ferguson,Editorial assistant,phendricks@example.net
85,Ryan,Smith,Social worker,wpetty@example.org
86,Monica,Hall,Speech and language therapist,johnsantana@example.org
87,Samantha,Forbes,Health promotion specialist,davidcortez@example.com
88,Michael,Robinson,"Embryologist, clinical",ruizdominique@example.org
89,Beth,Diaz,"Biochemist, clinical",aliciaward@example.com
90,Samantha,Garcia,"Psychologist, forensic",hmurphy@example.org
91,Marcus,Arroyo,Radiation protection practitioner,blynn@example.net
92,Benjamin,Mason,Educational psychologist,cookmitchell@example.org
93,Rachel,Hall,"Administrator, local government",nguyendeborah@example.com
94,Paula,Jones,Geophysicist/field seismologist,ronald36@example.net
95,Melissa,Hill,Financial planner,johnmartin@example.com
96,Kevin,Bradley,Chartered legal executive (England and Wales),nicholas30@example.com
97,Stephanie,Buck,Press sub,rogerrivera@example.net
98,Theresa,Price,Lawyer,rosssusan@example.net
99,Samantha,Hill,Occupational psychologist,krichardson@example.com
100,Debra,Waller,Farm manager,francisjason@example.com
