Stephanie,Taylor,kking@example.org
Chad,Gonzalez,mpope@example.com
Allison,Chan,eharris@example.net
Angela,Martin,twilliamson@example.net
Kimberly,Lopez,egutierrez@example.net
Natalie,Ward,tmorton@example.org
Pamela,Martinez,pamela13@example.org
Megan,Mendez,jack63@example.net
Wendy,Camacho,shelby52@example.com
Robert,Jensen,wcharles@example.com
Joseph,Johnson,laurenmolina@example.com
Robert,Barnes,andersonkimberly@example.org
Sheryl,Rodriguez,monica81@example.com
Daniel,Landry,johnsonmichael@example.net
Leslie,Blake,uhensley@example.com
Mary,Hood,dgay@example.com
Sharon,Herrera,fcraig@example.com
Lori,Holland,rramirez@example.org
Crystal,Diaz,hho@example.net
Ryan,Sexton,nicholas46@example.org
Julie,Williams,fwatson@example.com
Samantha,Yang,diane98@example.com
Melanie,Lee,ylester@example.com
Michael,Foster,mconley@example.com
Angela,Price,ramirezcrystal@example.net
Darlene,Williams,sarnold@example.org
Paul,Hall,milesemily@example.com
Travis,Welch,richard83@example.net
Jonathan,Lee,carollopez@example.org
Traci,Holland,susantaylor@example.net
Kirsten,Conway,jamie47@example.org
Laurie,Bean,curtis31@example.net
Michael,Roth,bberg@example.net
Elizabeth,Jacobson,josephfinley@example.org
Rodney,Brown,georgemiller@example.org
Linda,Collins,adrienne99@example.com
Parker,Jackson,michael23@example.net
Steven,Howard,wendybaker@example.com
Robert,Randall,christinamiller@example.com
Bradley,Larson,timothy57@example.net
Collin,Peterson,michele64@example.com
Scott,Bishop,bakersabrina@example.org
Lauren,Hanson,agarcia@example.com
Aaron,Stokes,richard64@example.org
James,Neal,laura79@example.org
Christopher,Gross,dcollins@example.org
Michael,Sullivan,arroyomegan@example.com
Ivan,Welch,irivera@example.org
Sheila,Turner,tina76@example.com
Jennifer,Dunn,john28@example.com
Adam,Boyd,fwarren@example.org
Kenneth,Gentry,chenstephen@example.org
Dylan,Hughes,anthonyedwards@example.net
Elizabeth,Juarez,herbertnelson@example.com
Ashley,Dennis,brett26@example.org
Michele,Stanley,thomas78@example.org
Maria,Henderson,paulfields@example.org
Whitney,Alvarez,mendeznicholas@example.com
Aaron,Johnston,wigginsbrooke@example.net
Christopher,Nelson,terri86@example.net
Tara,Espinoza,james77@example.com
Cheryl,Cabrera,boothnatasha@example.net
Shawn,Morrison,jamie05@example.net
Melissa,Warner,melissawatson@example.org
Jeffrey,Hood,mfaulkner@example.net
Shannon,Smith,brett75@example.net
Ryan,Taylor,hollyschmidt@example.org
Matthew,Wallace,juliayoung@example.org
Elizabeth,Hurley,sward@example.org
Jessica,Brown,jonathanpena@example.org
Jonathan,Horton,kenneth36@example.org
Darlene,Snyder,drew37@example.net
Brandy,Grant,morgan60@example.org
Deborah,Austin,deleonsamantha@example.org
Jermaine,Fowler,rachel47@example.org
Jacob,Murphy,williamrandall@example.net
Emily,Lang,scottsmith@example.net
Thomas,Bryant,nicholsgary@example.net
Bruce,French,thompsonmichael@example.com
Elizabeth,Young,samuel82@example.net
Cheryl,Jones,ksandoval@example.com
Kristina,Avila,wesleybrown@example.net
Samuel,Walker,william99@example.org
Kelsey,Haney,qjackson@example.com
Sara,Maldonado,wchambers@example.net
Connor,Wagner,wjohnson@example.net
Nathan,Rodriguez,michellebridges@example.org
Ann,Torres,hthomas@example.com
Sara,Kelly,ucox@example.org
David,Marshall,gpatterson@example.org
David,Martinez,gwilliams@example.net
Steven,Marshall,christophersmith@example.org
Gerald,Rogers,larrysantana@example.com
Nathan,Valdez,stephanie15@example.org
Christopher,Lewis,steelekrystal@example.org
Tara,Hunter,christopher94@example.net
Laura,Thompson,nicholas92@example.net
Jessica,Barnes,dean24@example.net
Mary,Brown,hmorrison@example.org
Kara,Wilcox,juliewest@example.com
Anthony,Turner,nmcmahon@example.org
Damon,Grimes,plang@example.com
Crystal,Murphy,rwinters@example.org
Patrick,Jones,michael44@example.net
Anthony,Johnson,kathryn14@example.org
Ashley,Weiss,josetran@example.com
Jennifer,Perkins,mariocox@example.net
Thomas,Reid,fcook@example.org
Courtney,Cohen,ryan85@example.com
Bonnie,Frederick,jacobnorton@example.org
Daniel,Jacobs,stevenshaw@example.com
Tracy,Wang,codycobb@example.net
Hayley,Miller,iallison@example.net
Kristi,Mills,laurentran@example.org
Alexander,Sanchez,madison72@example.net
Jeffrey,Hill,mary04@example.com
Alicia,Jones,phillip84@example.net
Todd,Schmidt,patty78@example.net
Matthew,Ross,barkerkristen@example.com
Chad,Taylor,irodriguez@example.org
Misty,Spencer,shirley38@example.com
Mary,Powell,whiteholly@example.org
Bonnie,Calhoun,steven73@example.com
Dennis,Neal,nathanburton@example.net
John,White,perezrobert@example.com
Melissa,Smith,zlawson@example.com
Kelly,Hawkins,tayloraaron@example.net
Candace,Franco,michael94@example.org
Teresa,Ballard,ltate@example.org
William,Woodward,millergabrielle@example.net
Samantha,Rice,misty48@example.com
Raymond,Smith,nicholasperry@example.net
Megan,Harris,ghayes@example.org
Andrea,Patterson,alexiswilliams@example.org
Maria,Zimmerman,johnsonpatricia@example.com
Robert,Watts,kristiecunningham@example.org
Jessica,Peters,jennifer96@example.com
Brian,Woods,camachoisaiah@example.com
Sarah,Bates,colemankayla@example.com
Charles,Wilson,lopezkyle@example.net
Trevor,Shepherd,wmerritt@example.com
Jennifer,Harding,donald07@example.net
James,Jones,stephen39@example.com
Vanessa,Davis,daniel34@example.net
Mary,Kline,arnoldsandra@example.org
Christie,Salazar,owenbrittney@example.com
Gary,Davis,munozbailey@example.com
James,Scott,steven56@example.com
Sandra,Dixon,alexis34@example.org
Kevin,Moore,james25@example.com
Brittany,Stewart,laura07@example.com
James,Miller,andrewfoster@example.com
James,Cooper,sarahroberts@example.com
Karen,Kelly,jacob86@example.com
Raymond,Wells,kerrypatrick@example.org
Christian,Brooks,rerickson@example.org
Nancy,Kirk,johnreyes@example.org
Patricia,Holt,wnguyen@example.net
Eugene,Mack,kevincurtis@example.com
Laura,Pitts,pbrown@example.org
Jeremy,Moreno,annesloan@example.com
Donald,Giles,sarah70@example.org
Keith,Phelps,moorekimberly@example.com
Jennifer,Brown,brittany73@example.net
Tonya,Carter,nicholas97@example.org
Linda,Moore,rachellambert@example.com
Danielle,Garza,nbrown@example.org
James,Miller,nwhite@example.org
Christine,Ferguson,fuentesteresa@example.org
Stephen,Burch,dianebuckley@example.net
Ashley,Miller,richardsimpson@example.net
Debra,Morgan,wallacecassidy@example.org
Dawn,Webb,mitchelllewis@example.com
Michael,Brown,david14@example.net
Jason,Bowen,emily91@example.net
Adam,Brown,erinsoto@example.com
Ray,Chambers,tconley@example.com
Kevin,Hicks,tammynavarro@example.org
Michael,Benitez,peter31@example.org
Caroline,Berger,tfowler@example.org
James,Garrett,eblack@example.org
Jaclyn,Lopez,lisamoore@example.net
Robert,Walker,rachelharrison@example.net
Alejandro,Murphy,brianking@example.net
Paul,Elliott,hollysmith@example.org
Matthew,Pitts,vmendoza@example.org
Jessica,James,ureynolds@example.com
Walter,Clements,mark11@example.org
Daniel,Marsh,fdavis@example.net
Bradley,Roberts,jodyramirez@example.net
Jonathan,Zimmerman,benjaminclark@example.net
Crystal,Myers,yknox@example.com
Amy,Thompson,mark70@example.net
Jo,Shepherd,gary86@example.com
Madison,Miles,todd64@example.net
Jacob,Sims,fulleranthony@example.com
Caitlin,Anderson,tuckerlouis@example.org
Jacqueline,Shaw,lisa90@example.org
Jessica,Lopez,lbailey@example.org
Robert,Orr,villegaslisa@example.org
Jasmine,Beck,padillaphillip@example.org
Richard,Neal,mcdonaldrebecca@example.com
Brandon,Schroeder,beancarolyn@example.com
Teresa,Norris,christophersellers@example.com
Karen,Murphy,anthony27@example.net
Thomas,Fox,hannah35@example.net
Michael,Austin,bhuffman@example.org
Allen,Freeman,briangarcia@example.com
Michael,Rogers,phamjason@example.org
Leah,French,michellemartinez@example.org
Michael,Bonilla,matthewandrade@example.org
Linda,Cooper,christopher11@example.com
Ashley,Houston,ycarroll@example.org
Anthony,Davila,dlee@example.org
Sandra,Payne,pamela54@example.org
Micheal,Welch,ricardomartinez@example.org
Robert,Figueroa,troy28@example.net
Samantha,Garner,charlesjerry@example.net
Susan,Murray,bennettkevin@example.com
Tiffany,Christensen,lewischarles@example.org
Sara,Barnett,jakewilson@example.org
Holly,Brock,kennethburns@example.com
Jennifer,Gonzales,jacob43@example.com
Charles,Clark,aaron81@example.com
Samuel,Collins,brandy08@example.net
Tiffany,Mcclure,ptorres@example.net
Joseph,Brown,gail61@example.net
Brandon,Sellers,toddwilliams@example.org
Daniel,Conner,michael83@example.org
Tammy,Bailey,vwhitaker@example.com
Earl,Leon,scottmichael@example.org
Scott,Foster,clong@example.org
Tara,Robinson,bbest@example.org
Melanie,Flores,brenda99@example.com
Jessica,Henry,ladams@example.org
Michelle,Rojas,frank39@example.com
James,Farmer,alexasmith@example.com
Gina,Walker,maynardduane@example.net
Jody,Christensen,jeffrey99@example.org
Kim,Barnett,isabelschmidt@example.com
Anthony,Bell,aclark@example.org
Paula,Garcia,leecody@example.com
Holly,Melendez,lwhite@example.net
Mary,Wang,rriley@example.net
Pamela,Gordon,higginsian@example.com
Jeffrey,Haas,maldonadobrianna@example.org
Penny,Martin,amanda00@example.net
Sydney,Smith,careyrodney@example.com
William,Simmons,mshepherd@example.org
Sarah,Simon,brittany28@example.com
Renee,Myers,xwells@example.net
Toni,Robinson,andreaperez@example.org
Andrew,Kirk,pamela71@example.com
Alexis,Arroyo,larrypeck@example.com
Elizabeth,Oconnell,bernardjensen@example.org
Richard,Mendoza,holly21@example.net
Heidi,Wilson,carlosparker@example.net
Timothy,Guzman,adamsjulie@example.com
Richard,Werner,vrose@example.org
Daniel,Rodriguez,imitchell@example.com
John,Becker,castrolisa@example.net
Nicole,Burgess,evanscasey@example.org
Kathleen,Kline,gjames@example.net
Jay,Simmons,courtney58@example.org
Cindy,Fowler,kyle33@example.org
Amanda,Raymond,whicks@example.org
Robert,Gutierrez,daniel91@example.net
John,Garza,david91@example.net
Anna,Adams,xbrown@example.org
Jacob,Harvey,jay36@example.net
Scott,Hall,ashleybowen@example.com
Robert,Young,matthewhanson@example.net
Xavier,Vaughn,kristencasey@example.net
Nathan,Stevens,alopez@example.org
Michael,Galloway,brittany83@example.org
Benjamin,Adkins,morgannathan@example.net
Matthew,Harris,susanwright@example.org
Alexander,Jennings,patricia34@example.com
Michele,Dillon,phillipsjennifer@example.net
Timothy,Noble,jcortez@example.com
Michael,Waters,cameronjones@example.net
Melissa,Guzman,paulmoore@example.org
Alexander,Cooper,phillip36@example.org
Nicholas,Moses,jennifergonzalez@example.com
Susan,Sweeney,jbarker@example.net
Robert,Nelson,denise51@example.com
Amy,Small,chelsea44@example.org
Arthur,Bailey,jamescole@example.net
Jay,Marquez,andersonjonathon@example.com
Gabriella,Diaz,grantnancy@example.net
Katie,Wilson,lisa63@example.org
Rachel,Delgado,reginadavis@example.org
Scott,Romero,taylordaryl@example.org
William,Gallegos,rayjacqueline@example.net
Andrew,Stuart,dawn80@example.com
James,Baker,barberelizabeth@example.org
Anthony,Conner,pmiller@example.com
Renee,Snow,emily16@example.net
Gregory,Maldonado,brendamartinez@example.org
Patricia,Hughes,brett78@example.com
Rodney,Smith,knapppaula@example.org
Joshua,Martinez,ethan11@example.org
Amber,Roman,williamrivera@example.net
Shawna,Webb,christopher80@example.org
Ian,Pena,catherinebrown@example.org
James,Campbell,lance42@example.com
Anthony,Powell,justin03@example.com
Shannon,Stewart,rodriguezanthony@example.net
Mark,Brown,hsmith@example.org
Jessica,Schmidt,christopherochoa@example.com
Michael,Lawson,thorntonreginald@example.net
Anna,Williams,cayala@example.com
Kathleen,Moore,dawsoncynthia@example.net
Gerald,Chavez,wmccoy@example.net
Morgan,James,justincook@example.org
Ellen,Le,gregorystephanie@example.org
Renee,Miller,bmartinez@example.net
Jeffrey,Rogers,christian36@example.com
Stanley,Mercado,jeremysmith@example.org
Andrea,Kelly,elizabeth10@example.com
Sydney,Carter,henrykimberly@example.org
Melissa,Bell,andrew69@example.com
Amber,Molina,richardhenry@example.com
John,Turner,matthew83@example.net
Matthew,Murphy,thomasscott@example.org
Penny,Owens,harveymarie@example.com
Joseph,Webster,nathan16@example.net
Richard,Lambert,ksmith@example.net
Ann,Garza,davisnancy@example.net
Sherry,Brown,jennifer82@example.com
Spencer,Kemp,qnguyen@example.net
Erika,Lopez,andreacarter@example.org
Stacy,Smith,xnelson@example.net
Katelyn,Butler,caitlin48@example.org
Linda,Rollins,zacharysoto@example.com
Michael,Copeland,diana18@example.org
Michael,Torres,angela48@example.org
Karen,Barrett,stevengibbs@example.com
Alexis,Parker,washley@example.org
Glenn,Moore,jenkinsbilly@example.net
Jessica,Thomas,sampsontodd@example.com
Patricia,Green,robertbradford@example.com
Jessica,Gibson,mcox@example.net
Hector,Booker,snyderlogan@example.com
Derek,Monroe,garyday@example.net
Roger,Robinson,kingdesiree@example.com
Michael,White,paulbrown@example.com
Megan,Beard,harry77@example.net
Madison,Blanchard,davisrussell@example.org
Carrie,Howard,dherring@example.net
Courtney,Woods,nfuentes@example.net
Eric,Adams,tonyglenn@example.org
Keith,Castro,kelly60@example.com
Tracey,Shields,davidtorres@example.org
Dustin,Long,hscott@example.net
Michael,Wilson,grimesjessica@example.net
David,Fisher,xsilva@example.net
Sarah,Howe,qolsen@example.org
Jennifer,Knapp,ryanwoods@example.org
Kenneth,Meadows,erikday@example.net
Kenneth,Glass,becky95@example.com
Mark,Avery,briancain@example.org
Ernest,Fleming,barbarabriggs@example.org
Bryan,Hansen,joshuajohnson@example.org
Jo,Robinson,fowlerrobert@example.net
Jeffery,Williams,blairdeanna@example.org
Paul,Kelly,anthony01@example.net
Glenn,Skinner,slee@example.net
Sarah,Alexander,roberta53@example.net
Brian,Knight,allenjohn@example.com
Pamela,Bradshaw,jasonbradley@example.com
Michael,Young,meganpierce@example.com
Daniel,Martinez,kimberlyharrell@example.com
Steven,Stewart,alexthomas@example.net
Lisa,Burgess,oluna@example.net
Angela,Jones,xburns@example.net
Kristina,Novak,jrodriguez@example.org
Justin,Graham,yleonard@example.com
Lucas,Hines,martinezjose@example.org
Joseph,Wheeler,russellbrandon@example.net
Billy,David,svelez@example.net
Raven,Martinez,kelleyconnie@example.net
John,Mclaughlin,cummingstracy@example.com
Elizabeth,Carter,rodneyhill@example.org
Samantha,Ingram,hayleygrant@example.org
Lisa,Crawford,anthonywilliams@example.net
Nicole,Calhoun,wendy95@example.org
Carlos,Fuller,simmonsshannon@example.net
Michelle,Morales,murphycatherine@example.com
Richard,Norman,jamieadams@example.org
Jason,Franklin,wrightmelissa@example.net
Mary,Manning,hwest@example.net
Michael,Webb,coreysanchez@example.com
Kevin,Anderson,philip39@example.net
Gabriel,Williams,vsmith@example.com
Marco,Adams,mcdanielcindy@example.com
Elizabeth,Smith,rjennings@example.com
Jessica,Garcia,samanthawilliams@example.com
Charles,Harrell,wrightsteven@example.org
Christopher,Ellis,castillocourtney@example.net
Richard,George,karenstokes@example.net
Samantha,Morton,monicapayne@example.net
Jessica,Brown,karenmora@example.net
John,Carter,gregory69@example.com
James,Wood,johnsontammie@example.net
Valerie,Hanson,cmunoz@example.net
Derek,Robinson,smithchristopher@example.com
Kyle,Howe,elizabeth83@example.org
Sarah,Vazquez,diazkatherine@example.com
Paul,Thomas,bochoa@example.com
Lucas,Best,ljordan@example.org
Ashley,Weeks,meganbaker@example.org
Jeffery,Anderson,bbuckley@example.org
Pamela,Perry,jasmine78@example.net
Lynn,Massey,robertlopez@example.net
Travis,Bell,brownjennifer@example.org
Daniel,Taylor,lindseydeborah@example.org
Patricia,Wright,mercadoglenn@example.org
Jared,Castro,leslie85@example.com
Victoria,Mendoza,ashleymorrison@example.org
Timothy,Dixon,stevensonjonathon@example.org
Albert,Petersen,emilylane@example.net
Jason,Wilson,gpeterson@example.net
Lori,Thornton,zimmermankenneth@example.net
Steven,Scott,timothyelliott@example.net
Patricia,Martinez,maria80@example.com
Daisy,Robinson,ericprice@example.org
Darryl,Owens,amy30@example.org
Erin,Moon,jonesmichael@example.net
Christopher,Clark,stacey22@example.org
Erik,Valdez,paulajordan@example.net
Matthew,Reyes,cholmes@example.org
Ashley,Hall,martinezmark@example.net
Amanda,Walsh,james03@example.org
Robert,Mitchell,steinjennifer@example.net
Angie,Coffey,walshjohn@example.net
Elizabeth,Duran,churchbrett@example.org
Jay,Walker,alyssa21@example.net
Morgan,Sharp,sharonnorton@example.org
Ryan,Jones,robbinstroy@example.org
Rhonda,Stewart,ericross@example.com
Lori,Douglas,jeffery27@example.com
John,Mclean,vanessa59@example.org
Abigail,Bond,hjohnson@example.org
Lisa,Baxter,grollins@example.com
Michaela,Hall,matthew31@example.org
Kathy,Mclaughlin,angela16@example.org
Jason,Ferguson,perezroy@example.org
Benjamin,Gonzales,martinezbrianna@example.com
Mason,Hamilton,lynchadam@example.com
Kim,Maddox,juanvazquez@example.com
Carrie,Lindsey,leesean@example.org
Eugene,Fox,hortonanna@example.org
Robert,Lawrence,bradley99@example.net
Barry,Willis,yponce@example.com
Steven,Greer,michaeljackson@example.org
Sean,Davis,djuarez@example.com
Barbara,Morgan,william76@example.com
Samantha,Nguyen,ryanjohnson@example.org
Jennifer,Smith,trevorgregory@example.org
Brittany,Bennett,angela79@example.net
Lori,Walker,jason95@example.net
Richard,Rivera,oscar18@example.net
Andrew,Benson,danny76@example.net
Krystal,Howard,william23@example.com
Gerald,Shea,cmurray@example.net
Christina,Chavez,smiller@example.com
Matthew,Boyd,qrichards@example.org
Michelle,Perez,dgalvan@example.org
John,Johnson,mdavis@example.com
Michael,Maxwell,johnlopez@example.com
Matthew,Hampton,iallison@example.org
Steven,Smith,suttonlaurie@example.com
Breanna,Sanders,nancy57@example.org
Beth,Andrews,oclark@example.org
Mary,Wilcox,iberger@example.com
Debra,Mack,katherineortega@example.net
Ashley,Graham,alexandriawillis@example.com
April,Byrd,gordonkristen@example.org
Joseph,Barber,jerrythompson@example.com
Traci,Francis,youngcassandra@example.net
Tim,Larson,robinsonkenneth@example.org
Susan,Fisher,amyosborne@example.org
Matthew,Sullivan,ihines@example.org
Larry,Hicks,gwendolyn35@example.org
Robert,Miller,villanuevaalexis@example.org
Kevin,Chavez,ejarvis@example.org
Jose,Watkins,smartin@example.com
Thomas,Pugh,porteramy@example.net
Rodney,Russell,brooksbrittany@example.net
Frank,Harrington,adam81@example.com
Matthew,Lewis,morriskayla@example.net
Joseph,Rodgers,jdavenport@example.net
Brenda,Parks,franciscoroth@example.net
Daniel,Anderson,harrisonbridget@example.net
Diana,Cook,davisvictoria@example.org
Colton,Johnson,kathryn53@example.net
Paul,Smith,moodypamela@example.net
Kimberly,Johnson,benderdarren@example.org
Tiffany,Reynolds,wstrong@example.net
Scott,Davis,msanders@example.com
Troy,Johnson,vfoster@example.com
Billy,Smith,diazrobert@example.com
Tiffany,Hahn,gonzalesangela@example.org
Juan,Mckee,gabrieladavis@example.net
Kevin,York,ncoleman@example.org
Anita,Edwards,cthomas@example.com
Kenneth,Thompson,fweaver@example.net
Ronald,Vargas,cunninghambarbara@example.net
Jesus,Duncan,stephanie94@example.net
Holly,Smith,lewisjohn@example.com
Robert,Peterson,racheljacobs@example.net
Ricardo,Maldonado,genesmith@example.com
Franklin,Gonzalez,vcrosby@example.org
Terrance,Patterson,garylong@example.org
Sarah,Randall,ianhaynes@example.org
Miguel,White,plane@example.org
Shawn,Clark,elizabethbutler@example.net
Shawn,Ramirez,austin51@example.com
James,Moss,johnnysmith@example.com
Melanie,Martinez,mallorywalker@example.net
Ryan,Roberts,jeffreystuart@example.com
Sharon,Thomas,kmiller@example.com
Jennifer,Jones,flynnjennifer@example.org
Eduardo,Young,hudsonmichelle@example.net
Stacey,Peterson,kimberly52@example.org
Sonya,Acevedo,lawsonmichael@example.net
Katie,Rivera,ashleyhoward@example.org
Angelica,Lee,stephaniewhite@example.net
Justin,Hughes,westjoshua@example.net
Caroline,Harvey,jack44@example.com
Veronica,Elliott,jeremy83@example.net
Jason,Harris,curtis76@example.com
Bonnie,Jones,phamjared@example.org
Samantha,Fritz,bethanywolfe@example.net
Eric,Atkinson,amber26@example.org
Kristin,Brown,marvin51@example.net
Madison,Brown,velazquezdavid@example.net
James,Johnson,jchapman@example.net
Jessica,Bruce,washingtontiffany@example.net
Frederick,Henson,laurameyer@example.net
Sean,White,alyssa03@example.com
Robin,Bryant,lauren10@example.com
Thomas,Holland,janet16@example.net
Thomas,Gamble,vargasderrick@example.com
Amanda,Smith,karenmiller@example.com
Randy,Powell,greenkristin@example.com
Rebekah,Mendoza,bradleydavis@example.org
Gregory,Rogers,mariasmith@example.com
Robert,Moreno,moorejohn@example.com
Lawrence,Johnson,ytucker@example.org
Timothy,Huffman,joshuawright@example.net
Phyllis,Caldwell,rburton@example.net
Brenda,Melton,mbarker@example.net
Kelly,Gonzalez,kbrown@example.net
Katie,Buck,lmorris@example.org
John,Martinez,mfields@example.net
Charlene,Morgan,wallacebrenda@example.com
Larry,Marshall,johnsonkelli@example.net
Michael,Jones,keithmccoy@example.net
Charles,Lamb,daymatthew@example.org
Megan,Wolfe,usmith@example.net
Carol,Chapman,dennissteven@example.net
Deborah,Johnston,aaroncook@example.org
James,Barnes,feliciaphelps@example.net
Amy,Montgomery,richard73@example.org
Elizabeth,Bailey,crystalvasquez@example.net
Eric,Meyer,martinhelen@example.com
Lindsey,Sullivan,gutierrezsusan@example.net
Julia,Obrien,alexisnichols@example.com
Jamie,Jones,lisa64@example.com
Jessica,Thompson,francis44@example.org
Christy,Jones,davisjoshua@example.com
Pam,Morgan,ucraig@example.com
Taylor,Guerra,mirandahayden@example.net
Christine,Rodriguez,rachel67@example.org
Gabriela,Cherry,gwalker@example.net
Joan,Turner,jeffery09@example.com
Barbara,Whitaker,johnsonmichael@example.org
Bailey,Meyer,jphillips@example.net
Louis,Cooke,bensonsteve@example.net
Jessica,Wood,matthewbush@example.org
Kyle,Lewis,frodriguez@example.net
Stephen,Weaver,mwilliams@example.org
Stephen,Daniel,wongtimothy@example.org
Spencer,Glass,michaelchoi@example.net
Gary,Williams,dwright@example.com
Jessica,Love,xcarey@example.net
Roger,Lewis,mariaklein@example.net
Amy,Brewer,randyjohnson@example.org
Mark,Horn,cvillanueva@example.com
Joseph,Hernandez,lsuarez@example.net
Lauren,Fox,bpineda@example.net
Melissa,Henderson,mendozabrenda@example.net
Heather,Moore,cmorales@example.com
Trevor,Booth,blackwellandrew@example.net
John,Kim,garrettharris@example.com
James,Jones,mistyalexander@example.net
Michael,Nash,ugiles@example.com
Debbie,Lopez,amy73@example.net
Darren,Mitchell,robert24@example.net
John,Dixon,nashjeffrey@example.net
Amber,Robinson,bateslaurie@example.org
Phillip,Taylor,velezjoy@example.com
Philip,Rice,jessica36@example.com
Matthew,Hall,natashaking@example.org
Mark,Dixon,kwade@example.com
Thomas,Keith,daniellejohnson@example.com
Debra,Scott,melissamacias@example.com
Stacy,Berger,wanda67@example.net
Brian,Foster,johnwatson@example.com
Mark,Morton,wadekimberly@example.org
Lindsey,Yates,theresa76@example.net
Joshua,Wood,christophercarlson@example.org
Brent,Brooks,wcollier@example.com
Erin,Larson,smithcraig@example.org
Kim,Warren,luis37@example.net
Amanda,Anderson,kwright@example.org
Gregory,Newton,jwilliams@example.org
Diane,Anderson,rfowler@example.net
Amanda,Booker,tiffanywilliams@example.com
Brooke,Ross,sabrina74@example.net
Heidi,Trujillo,brett92@example.com
Melody,Wu,julie92@example.com
Sara,Rivera,leahhill@example.net
Stephanie,Dyer,katrina42@example.com
Jacqueline,Evans,bryantpaula@example.com
James,Gardner,bpatterson@example.com
Joy,Bruce,sally96@example.org
Amber,Mckinney,lopezjoyce@example.com
Angela,Logan,zjackson@example.net
Troy,Jones,gholloway@example.org
Edwin,Schroeder,maryperez@example.org
Latoya,Stokes,michelle01@example.org
Holly,Torres,michael69@example.net
Robert,Sullivan,kristen09@example.com
Stephanie,Knapp,jamie96@example.com
Brittany,Kelly,tbush@example.com
Susan,Humphrey,samuel74@example.com
Cameron,Reynolds,jessicazamora@example.net
Sue,Alvarez,normanelizabeth@example.org
Jillian,Taylor,erik12@example.net
Darlene,Rivera,holmesstephanie@example.org
Christian,Mcdaniel,stewarterin@example.net
Chelsea,Scott,jessehale@example.net
Elizabeth,Mcdonald,sharidavis@example.net
Keith,Vasquez,lgreen@example.com
Sara,Bauer,garciabrandon@example.net
Cindy,Berg,sosawendy@example.org
James,Davis,nsawyer@example.org
Kayla,Williams,jodigarcia@example.org
Marcus,Jimenez,scott72@example.org
Brianna,West,tbrown@example.net
Kimberly,Wilkins,johnsonbrad@example.org
David,Hall,xgeorge@example.net
Damon,Bautista,thomashutchinson@example.com
Holly,Coleman,staceymitchell@example.net
Mario,Michael,davidcox@example.com
Lori,Garcia,aolson@example.com
Kelly,Ritter,rramsey@example.com
Carol,Bailey,barbara56@example.com
Daniel,Blair,michael79@example.org
Cindy,Ortega,gsmith@example.org
Wendy,Sanchez,jsimpson@example.net
Diane,Walsh,gparks@example.net
David,Martin,michaelgiles@example.org
Nancy,Hoffman,daniel74@example.net
Tammy,Bonilla,robert19@example.net
David,Wilson,ngonzalez@example.net
Manuel,Conner,tiffany65@example.org
Jodi,Fowler,parkermichael@example.org
Edwin,Montoya,dvaughn@example.org
Joseph,White,amyjones@example.org
Raymond,Torres,jasonmills@example.net
Jesus,Smith,kramos@example.com
Julie,Bailey,pattersonwilliam@example.com
Rick,Moon,william12@example.com
Russell,Merritt,whoffman@example.net
James,Lee,palvarado@example.org
Bradley,Browning,sandraferguson@example.com
Taylor,Mendez,aaron51@example.net
Rebecca,Davis,vhowe@example.com
William,Keller,heatherjenkins@example.net
Thomas,Jones,charlesreed@example.net
Emma,Richardson,shermankimberly@example.org
Alicia,Hayes,ambermills@example.org
Laura,Boyer,bowensylvia@example.com
Cindy,Wolfe,gflores@example.net
Alexander,Rivera,allenmartin@example.com
Nicole,Bailey,gboyle@example.net
Teresa,Rivera,melissa96@example.com
Darlene,Dominguez,warrencarter@example.org
Amber,Porter,andrewdeleon@example.net
Daniel,Peters,englishjohn@example.org
Michael,Walsh,brandonarnold@example.com
Carolyn,Monroe,danadavis@example.com
Tammy,Davis,paulahernandez@example.com
Cory,Swanson,catherine45@example.org
David,Mcdonald,denise27@example.net
Tonya,Wall,jessica91@example.net
Christopher,Sims,melissa90@example.com
Jeremy,Peters,gabrielbecker@example.com
Alicia,Blevins,sarah98@example.net
Andrea,Gallagher,moorekent@example.org
Lynn,Elliott,traci49@example.org
Tanner,Finley,richardsonjessica@example.net
Victoria,Anderson,djackson@example.com
Karen,Thomas,emily21@example.net
Brent,Wallace,rrichard@example.net
Zachary,Myers,oreyes@example.org
Jerry,Ibarra,markmorris@example.com
Gabriel,Adams,turnermatthew@example.com
Justin,Bentley,lewischris@example.org
Mark,Peterson,bkelly@example.com
Linda,Bell,markmunoz@example.net
Brandy,Bell,smithryan@example.net
Daniel,Reynolds,victor95@example.org
Nicole,Ford,heathervincent@example.com
Angelica,Miller,anthony74@example.com
David,Smith,hughesandrew@example.net
James,Salas,gregory02@example.net
Tina,Jones,samanthagarrison@example.com
Emily,Price,linda77@example.org
Jeffery,Alexander,mullenjames@example.org
James,Meyer,ashleywalker@example.net
Dennis,Lane,michael54@example.net
Matthew,Lewis,veronicawilliams@example.com
Jennifer,Flores,erichahn@example.net
Travis,Johnson,daviddennis@example.com
Jacob,Lewis,tyroneperry@example.net
Paul,Ward,williamprice@example.org
Aaron,Moreno,maryrubio@example.net
Courtney,Moore,mcconnelljessica@example.org
Sherry,Walker,desiree42@example.com
Meghan,Simmons,andrea98@example.com
Nichole,Anderson,fowlerdouglas@example.com
Sheri,Hancock,richard81@example.org
Brian,Morrison,ikoch@example.org
Jermaine,Sampson,mary05@example.org
Kelly,Baker,lisanelson@example.com
Michelle,Benton,amypennington@example.com
James,Smith,kaitlynjones@example.org
Margaret,Rodriguez,christopher62@example.com
Ryan,Park,kimberlyalvarado@example.com
Tanya,Santiago,victoriamartinez@example.org
Tara,Elliott,tammy10@example.net
Brian,Collins,leonardjones@example.net
Donald,Mccormick,rachel15@example.org
Kristi,Curry,danascott@example.org
Michael,Barker,carlaheath@example.org
Sharon,Hudson,hvaughn@example.net
Kenneth,Castro,qrodriguez@example.com
Thomas,Wade,susanmercer@example.org
Gabrielle,Robinson,melissa27@example.com
Kimberly,Martinez,tracyclark@example.com
Nicholas,Fisher,davidhatfield@example.com
Christine,Garcia,matthewblankenship@example.net
Andrew,Allen,nataliehampton@example.com
Tamara,Mccormick,timothyfoley@example.com
Michael,Nelson,swoods@example.org
Chris,Lane,lpatel@example.com
Travis,Kim,brian40@example.net
Daniel,Andrews,rachel14@example.org
Jessica,Smith,ashleyperez@example.org
Richard,Kelly,sparksmarc@example.net
Christopher,Guerrero,jason65@example.com
Shelly,Blake,tracy36@example.org
Christopher,Saunders,jamesschmidt@example.org
Martha,Robles,christopher33@example.org
Elizabeth,Kelley,derekrichards@example.org
Sarah,Black,laurenroberts@example.com
Katherine,Ellis,nreynolds@example.net
Evan,Mcclain,shane25@example.com
Anna,Brown,smithtimothy@example.net
Brian,Walter,heather29@example.com
Tanya,Reed,robertlester@example.org
Debbie,Gomez,tylermartinez@example.net
Kristin,Crawford,vjohnson@example.org
Justin,Clark,matthewmarquez@example.org
Victor,Fitzpatrick,stephensonstacey@example.net
Ruth,Russo,adam60@example.net
Bonnie,Nelson,pamelawheeler@example.com
Amanda,Gomez,ehill@example.net
Steven,Rodriguez,cindyfoster@example.net
Jackie,Martinez,bmartin@example.com
Shannon,Roberts,mark82@example.net
Brianna,Jones,connie63@example.org
Michele,Harris,leemoses@example.org
Matthew,Nelson,nicholas29@example.com
Tony,Simpson,taylorjacqueline@example.com
Robert,Banks,jenniferrivera@example.net
Julie,Brown,martinmichael@example.org
Crystal,Stewart,syork@example.org
Robert,Reese,brandi96@example.net
Paul,Meadows,annasmith@example.com
Susan,Welch,michaelhernandez@example.net
Tyler,Horton,mary74@example.net
Kevin,Flores,randallbeard@example.org
Jasmine,Anderson,jessica34@example.com
Steven,Robertson,deborahperkins@example.org
Andrea,Nelson,johnnyclayton@example.net
Gary,Johnson,larry27@example.net
Kelli,Moore,joseph87@example.com
Samantha,Williams,nancysharp@example.net
Douglas,Ware,amanda48@example.org
Holly,Harvey,joshua94@example.org
David,Roberts,robertfowler@example.org
Hannah,Michael,nancybradley@example.org
Jesse,Owens,jessica44@example.com
Thomas,Oneal,jennifersanders@example.com
Gavin,Hill,tlopez@example.com
Emily,Reese,wilsontaylor@example.com
Ronald,Lewis,cibarra@example.org
Robin,Le,timothywalker@example.net
Daniel,Stephens,kylefuentes@example.com
Jimmy,Velasquez,ashleycox@example.net
Lisa,Miller,scottwhite@example.net
Lauren,Phillips,joshuarodriguez@example.net
Emily,Nielsen,cfox@example.net
David,Key,mnorton@example.org
Michael,Evans,gina11@example.net
Gordon,Moss,narmstrong@example.net
Gabriel,Hill,howardjames@example.org
Sara,Williams,erika82@example.org
Jason,Ortega,mitchelladams@example.net
Stephanie,Johns,steven81@example.org
Brenda,Day,shermanrodney@example.com
Anthony,Palmer,shill@example.net
Jesse,Spears,christiankidd@example.net
Frederick,Rosales,qchristensen@example.com
Jacob,Dyer,walkerjared@example.net
Shannon,Wang,gperez@example.com
John,Harrington,renee79@example.com
Joshua,Robinson,maryflores@example.com
Danny,White,harrisdavid@example.org
Alexandra,Wilson,qmartin@example.org
Benjamin,Williams,lawsoncraig@example.org
Nicholas,May,ohopkins@example.com
Amanda,Caldwell,vcraig@example.net
Michelle,Obrien,erica76@example.net
Samantha,White,charris@example.org
James,Wilson,frances37@example.org
Sharon,Avila,riddlebenjamin@example.net
Michelle,Sims,justincook@example.com
Laura,Houston,banksmichael@example.com
Christian,Mullins,sarah69@example.com
Dustin,Myers,michellegoodwin@example.net
Justin,Baker,wayne80@example.org
Jonathan,Guerrero,dcruz@example.net
Michael,Lopez,christina33@example.org
Tyrone,Ortiz,jamierodriguez@example.net
Eric,Powell,clarkjennifer@example.com
James,Hunter,kimberly66@example.net
Todd,Robinson,dayleslie@example.com
Shawna,Simon,kellymary@example.org
Luis,Jackson,hvincent@example.com
Henry,Hale,careypaul@example.com
Seth,Robertson,nellis@example.net
Stephen,Mcdonald,steven80@example.org
Brandon,Morales,xfisher@example.net
John,Anderson,christinaortiz@example.net
Julia,Strickland,catherine01@example.com
Mackenzie,Cruz,marcusgraves@example.com
Miranda,Green,david61@example.com
Wendy,Mitchell,amanda04@example.org
Amber,Fisher,vroach@example.org
Adrian,Bell,keithcooper@example.org
Michael,Wagner,josephbecker@example.org
Margaret,Williams,shannon03@example.org
Joseph,Galloway,vickie77@example.net
Kelly,Johnson,melissa74@example.org
Erika,Vang,ulee@example.net
David,Gardner,patrick03@example.com
Curtis,Dorsey,dawndonovan@example.com
Robert,Anderson,teresa19@example.net
Johnny,Travis,palmerkimberly@example.com
Donald,Sweeney,gary15@example.com
Jessica,Lopez,roberthoffman@example.org
James,Wong,shawnpotter@example.com
Gregory,Hanson,scook@example.com
Emily,Bowers,scottwilliams@example.net
David,Holland,floresaustin@example.com
Dale,Lawrence,melissakelley@example.net
Kendra,Estrada,sheilamiller@example.net
Sandra,Morales,cameronmartin@example.net
Julie,Michael,mooreaaron@example.org
Christopher,Lozano,nlawson@example.net
Christy,Flores,charles18@example.org
Paige,Jones,erin98@example.org
Victoria,Anderson,sara14@example.com
Robert,Long,sburns@example.com
Ruth,Shaw,nsutton@example.net
Olivia,Peterson,hayesheidi@example.org
Ann,Johnson,cookamber@example.com
Nicole,Carson,scottchad@example.com
Donna,Miller,fmassey@example.com
Shawn,Miller,lrobinson@example.org
Luis,Schwartz,cfrazier@example.org
Charles,Lynch,glennsarah@example.net
Jasmine,Davis,jonesdesiree@example.net
Alexander,Black,balljennifer@example.net
Randy,Sanders,bobby96@example.net
Scott,Blake,nathan92@example.net
Wendy,Singh,anthonyortiz@example.com
Charles,Shaw,peterskyle@example.org
Karen,Hodge,yedwards@example.net
Steve,Lopez,xgarcia@example.com
Natasha,Hancock,emartinez@example.net
Robert,Parsons,christopher77@example.org
Teresa,Bell,michaelnorton@example.org
Kathy,Marquez,amyortiz@example.com
Yolanda,Weber,moorejason@example.net
Jason,Schroeder,nathan65@example.org
Elizabeth,Lyons,ricky49@example.org
Isabella,West,rowlandjonathan@example.org
Timothy,Black,sandrahubbard@example.com
Joel,Le,brittneykennedy@example.com
Jennifer,Wilson,lnelson@example.net
James,Smith,gjohnson@example.com
Carrie,Nguyen,clarktommy@example.org
Tammy,Hall,juan55@example.org
Christopher,Perez,sarah30@example.net
Jay,Adams,steventhompson@example.net
Dawn,Ortiz,xdavis@example.net
Brian,Howe,christinaharris@example.net
Dorothy,Ramirez,edwardgonzalez@example.com
Felicia,Blake,cnixon@example.org
Ian,Frank,johnsonstephanie@example.net
Pamela,Pena,jasonmcintyre@example.com
Beth,Wilson,kbuchanan@example.org
Christine,Hays,john25@example.com
Ryan,Wilson,steven87@example.org
Heather,Contreras,michelle12@example.com
Tami,Bruce,ryan97@example.net
Elizabeth,Doyle,bstein@example.net
Lisa,Scott,hancockcory@example.com
Richard,Brooks,sarah51@example.com
Kenneth,Logan,jrosales@example.org
Susan,Schneider,brookssandra@example.com
Amanda,Vargas,ritterleslie@example.org
Sean,Clark,ellisgary@example.org
Ronald,Molina,chad12@example.com
Monique,Johnson,cwilliams@example.org
Andrew,Medina,ppace@example.com
Olivia,Reid,theresa90@example.com
William,Newman,halljames@example.org
Teresa,Dawson,vfoster@example.net
Autumn,Chan,srandall@example.net
Sylvia,Dean,antonio96@example.com
John,Jones,fischerdebbie@example.net
Kimberly,Casey,caseyjean@example.com
Richard,Bruce,grantkara@example.com
Emily,Chavez,fbanks@example.org
David,Matthews,andrew81@example.com
Christopher,Martin,veronicakeller@example.com
Zachary,Butler,arice@example.net
Paul,Baldwin,kerry63@example.com
Sheila,Cain,iclark@example.net
Timothy,Travis,rgriffith@example.net
Jessica,Long,juliehill@example.net
Samantha,Schwartz,madisonmiller@example.net
James,Andrews,matthewbaker@example.net
Jeffrey,Rodgers,andrew33@example.net
Paula,Fox,duncankenneth@example.org
Amy,Roth,acole@example.com
Caroline,Nguyen,robert06@example.com
Matthew,Berry,pwright@example.net
Dakota,Rodriguez,arthursmith@example.org
April,Mcknight,lisa72@example.org
Brandi,Thomas,leekristin@example.net
Holly,Burns,annette36@example.org
Heather,Rodriguez,wilsonedward@example.com
Robert,Larson,richardkoch@example.net
Andrew,Owens,gonzalezronald@example.com
Holly,Cook,fmaldonado@example.com
Dustin,Boyd,melanie46@example.net
Veronica,Arnold,graysue@example.com
John,Williams,thompsonjuan@example.net
Jasmine,Acevedo,brentjones@example.org
Arthur,Robinson,rsandoval@example.net
Eric,Miller,perezkristina@example.net
Michelle,Wilson,stephanie36@example.org
Alyssa,Wilson,maria53@example.org
John,Acosta,hillhaley@example.com
Sarah,Snow,stephen81@example.com
Katherine,Burns,qsantana@example.org
Adam,Johnson,nthornton@example.com
Katherine,Parker,mia48@example.com
Laura,Pugh,jperkins@example.net
Andrew,Roberts,pettyjennifer@example.net
Chelsey,Greene,john06@example.net
Victor,Lopez,brandon18@example.net
Paula,Martin,martineztracy@example.com
Kylie,Hicks,danny28@example.org
Kenneth,Price,lauriehart@example.com
Robert,Graham,april75@example.net
Robert,Lopez,frank16@example.com
Calvin,Hill,jacksongregory@example.com
Emily,Smith,scottjonathan@example.org
Alexandra,Henry,jeffreyodonnell@example.org
